card_id	source_no	ja	en	ipa	usage	nuance	example_en	example_ipa	tag	scene	priority	active	source_version
expr_0001	1	認識・知覚	perception	/pɚˈSEP.ʃən/	外界をどう受け取り、解釈するか。知覚と認識の中間。	awarenessは気づき、recognitionはそれだと認める・見分ける。	Perception can differ from person to person.	/pɚˈSEP.ʃən kən ˈDɪF.ɚ frəm ˈPɝː.sən tə ˈPɝː.sən/	concept	学習・教育・研究	normal	1	2026-10-02
expr_0002	2	認識・知覚	awareness	/əˈWER.nəs/	存在や問題に気づいている状態。	perceptionより「気づき」に焦点。	We need to raise awareness of the issue.	/wi ˌNIːD tə ˌREɪZ əˈWER.nəs əv ði ˈɪʃ.uː/	concept	学習・教育・研究	normal	1	2026-10-02
expr_0003	3	認識・知覚	recognition	/ˌrek.əɡˈNɪʃ.ən/	それが何か分かる、価値や存在を認める。	acknowledgementは認めて表明する方向。	Early recognition of the problem is important.	/ˌɝː.li ˌrek.əɡˈNɪʃ.ən əv ðə ˈPRɑːB.ləm ɪz ɪmˈPɔːR.tənt/	concept	学習・教育・研究	normal	1	2026-10-02
expr_0004	4	大きい	huge	/ˈHJUːDʒ/	物にも抽象的な量にも使う会話的な強調。	tremendousよりカジュアル。	That made a huge difference.	/ðæt ˌMEɪD ə ˌHJUːDʒ ˈDɪF.ɚ.əns/	adjective	人・感情・評価	normal	1	2026-10-02
expr_0005	5	大きい・すごい	tremendous	/trəˈMEN.dəs/	量・影響・努力が非常に大きい。ややフォーマル。	hugeより評価・重みがある。	She made tremendous progress.	/ʃi ˌMEɪD trəˌMEN.dəs ˈPRɑː.ɡres/	adjective	人・感情・評価	normal	1	2026-10-02
expr_0006	6	自由時間	downtime	/ˈDAʊNˌtaɪm/	活動の合間の休息・何もしない時間。	free timeは予定が空いている時間。	I need some downtime after work.	/aɪ ˌNIːD səm ˈDAʊNˌtaɪm ˌÆF.tɚ ˈWɝːK/	daily	日常生活・一般	normal	1	2026-10-02
expr_0007	7	自由時間	free time	/ˌFRIː ˈTAɪM/	予定がない時間。趣味や用事に使える。	downtimeは休むニュアンスが強い。	What do you do in your free time?	/ˌWʌT də ju ˌDUː ɪn jɚ ˌFRIː ˈTAɪM/	daily	日常生活・一般	normal	1	2026-10-02
expr_0008	8	確認する	check something out	/ˌTʃEK ˌSʌM.θɪŋ ˈAʊT/	試しに見る・調べる・見に行く。	see ifは「〜かどうか確認する」。	Let’s check it out.	/lets ˌTʃEK ɪt ˈAʊT/	conversation	会話のつなぎ・リアクション	normal	1	2026-10-02
expr_0009	9	確認する	see if ...	/ˈSIː ɪf/	〜かどうか確かめる。	check outより結果確認に焦点。	I’ll see if it works.	/aɪl ˌSIː ɪf ɪt ˈWɝːKS/	conversation	会話のつなぎ・リアクション	normal	1	2026-10-02
expr_0010	10	仮定・提案	What if ...?	/ˌWʌT ˈɪF/	〜だったらどうなる？／〜してみたら？	文脈で仮定にも提案にもなる。	What if we start with a short review?	/ˌWʌT ɪf wi ˌSTɑːRT wɪð ə ˌʃɔːRT rɪˈVJUː/	conversation	会話のつなぎ・リアクション	normal	1	2026-10-02
expr_0011	11	着る	put on	/ˌPʊT ˈɑːN/	服を身につける動作。	wearは着ている状態。	Put on your jacket.	/ˌPʊT ˈɑːN jɚ ˈDʒÆK.ɪt/	daily	日常生活・一般	normal	1	2026-10-02
expr_0012	12	着る	wear	/ˈWER/	服を着ている状態。	put onは着る瞬間。	She is wearing a blue shirt.	/ʃi ɪz ˌWER.ɪŋ ə ˌBLUː ˈʃɝːT/	daily	日常生活・一般	normal	1	2026-10-02
expr_0013	13	今となっては	looking back now	/ˌLʊK.ɪŋ ˈBÆK ˌNAʊ/	振り返って今考えると。	in retrospectはよりフォーマル。	Looking back now, it was the right decision.	/ˌLʊK.ɪŋ ˈBÆK ˌNAʊ | ɪt wəz ðə ˌRAɪT dɪˈSɪʒ.ən/	conversation	時間・日課	normal	1	2026-10-02
expr_0014	14	今となっては	in retrospect	/ˌɪn ˈRET.rəˌspekt/	振り返ってみると。文章・発表で自然。	looking back nowより硬い。	In retrospect, we should have prepared more.	/ˌɪn ˈRET.rəˌspekt | wi ʃəd həv prɪˈPERD mɔːR/	academic	学習・教育・研究	normal	1	2026-10-02
expr_0015	15	一時的流行	fad	/ˈFÆD/	短期間だけ流行するもの。	trendより一過性が強い。	It wasn’t just a passing fad.	/ɪt ˌWʌZ.ənt dʒʌst ə ˌPÆS.ɪŋ ˈFÆD/	noun	日常生活・一般	normal	1	2026-10-02
expr_0016	16	参加する	join	/ˈDʒɔɪN/	グループ・活動に加わる。会話で最も自然。	attendは出席、participateは活動に関与。	I joined the meeting late.	/aɪ ˌDʒɔɪND ðə ˈMIː.t̬ɪŋ ˌLEɪT/	conversation	会話のつなぎ・リアクション	normal	1	2026-10-02
expr_0017	17	参加する	attend	/əˈTEND/	会議・授業・イベントに出席する。	joinより出席の事実に焦点。	I attended a conference yesterday.	/aɪ əˌTEN.dɪd ə ˈKɑːN.fɚ.əns ˈJES.tɚ.deɪ/	academic	学習・教育・研究	normal	1	2026-10-02
expr_0018	18	参加する	participate in	/pɑːrˈTɪS.əˌpeɪt ɪn/	活動に能動的に関与する。	attendより関与が強い。	Students participated in the discussion.	/ˈSTUː.dənts pɑːrˈTɪS.əˌpeɪ.tɪd ɪn ðə dɪˈSKʌʃ.ən/	education	学習・教育・研究	normal	1	2026-10-02
expr_0019	19	話している相手	the person I’m talking to	/ðə ˈPɝː.sən aɪm ˈTɔː.kɪŋ tuː/	会話中の相手を自然に表す。	interlocutorは硬い。	I try to focus on the person I’m talking to.	/aɪ ˌTRAɪ tə ˈFOʊ.kəs ɑːn ðə ˈPɝː.sən aɪm ˈTɔː.kɪŋ tuː/	conversation	会話のつなぎ・リアクション	normal	1	2026-10-02
expr_0020	20	反対側・逆	opposite	/ˈɑː.pə.zɪt/	向かい側、反対、逆のもの。	reverseは逆方向・裏返し。	The pharmacy is on the opposite side of the street.	/ðə ˈFɑːr.mə.si ɪz ɑːn ði ˈɑː.pə.zɪt ˌSAɪD əv ðə ˈSTRIːT/	daily	日常生活・一般	normal	1	2026-10-02
expr_0021	21	性別を指定しない代名詞	they	/ˈÐEɪ/	性別を特定しない単数代名詞として使える。	him/herを避けたい時に自然。	When a student asks a question, I give them time to think.	/wen ə ˈSTUː.dənt ˌÆSKS ə ˈKWES.tʃən | aɪ ˌɡɪV ðəm ˌTAɪM tə ˈTHɪŋK/	grammar	日常生活・一般	normal	1	2026-10-02
expr_0022	22	列	a long line at the checkout	/ə ˌLɔːŋ ˈLAɪN ət ðə ˈTʃEKˌaʊT/	レジ前の長い列。米語でline。	queueは英・やや硬い。	There was a long line at the checkout.	/ðer wəz ə ˌLɔːŋ ˈLAɪN ət ðə ˈTʃEKˌaʊT/	daily	日常生活・一般	normal	1	2026-10-02
expr_0023	23	癇癪	tantrum	/ˈTÆN.trəm/	怒り・欲求不満から泣く、叫ぶ、暴れる。	meltdownは過負荷で制御不能。	He had a tantrum at the store.	/hi hæd ə ˈTÆN.trəm ət ðə ˈSTɔːR/	childcare	子育て・家族	normal	1	2026-10-02
expr_0024	24	メルトダウン	meltdown	/ˈMELTˌdaʊn/	刺激や感情が許容量を超えて崩れる。	tantrumより発達支援文脈に合う。	He had a meltdown because he was overwhelmed.	/hi hæd ə ˈMELTˌdaʊn bɪˌKʌZ hi wəz ˌoʊ.vɚˈWELMD/	childcare	日常生活・一般	normal	1	2026-10-02
expr_0025	25	売っている	sell	/ˈSEL/	店が商品を扱っている。	on saleはセール中・販売中の両義に注意。	Do they sell rice cookers here?	/du ðeɪ ˌSEL ˈRAɪS ˌKʊK.ɚz hɪr/	daily	日常生活・一般	normal	1	2026-10-02
expr_0026	26	セール中	on sale	/ɑːn ˈSEɪL/	米語では値下げ中が多い。文脈で販売中にもなる。	for saleは売り物として出ている。	These towels are on sale.	/ðiːz ˈTAʊ.əlz ɑːn ˈSEɪL/	daily	日常生活・一般	normal	1	2026-10-02
expr_0027	27	開催する	hold	/ˈHOʊLD/	会議・イベントを開催する。中立。	hostは主催して迎える、organizeは準備する。	We held a study session.	/wi ˌHOʊLD ə ˈSTʌD.i ˌSEʃ.ən/	event	日常生活・一般	normal	1	2026-10-02
expr_0028	28	開催する	host	/ˈHOʊST/	主催者として人を迎える。	holdよりホスト役のニュアンス。	Our department hosted the seminar.	/aʊɚ dɪˈPɑːRT.mənt ˌHOʊ.stɪd ðə ˈSEM.əˌnɑːR/	event	日常生活・一般	normal	1	2026-10-02
expr_0029	29	同窓会	alumni reunion	/əˌLʌM.naɪ riːˈJUː.njən/	卒業生が集まる会。	class reunionは同級生中心。	I went to an alumni reunion.	/aɪ ˌWENT tu ən əˌLʌM.naɪ riːˈJUː.njən/	event	日常生活・一般	normal	1	2026-10-02
expr_0030	30	勉強会	study session	/ˈSTʌD.i ˌSEʃ.ən/	一緒に勉強する会。	workshopは参加型研修。	We had a study session after work.	/wi hæd ə ˈSTʌD.i ˌSEʃ.ən ˌÆF.tɚ ˈWɝːK/	event	日常生活・一般	normal	1	2026-10-02
expr_0031	31	懇親会	social gathering	/ˈSOʊ.ʃəl ˌɡæð.ɚ.ɪŋ/	交流目的の集まり。	receptionは公式な歓談会。	There was a social gathering after the seminar.	/ðer wəz ə ˈSOʊ.ʃəl ˌɡæð.ɚ.ɪŋ ˌÆF.tɚ ðə ˈSEM.əˌnɑːR/	event	日常生活・一般	normal	1	2026-10-02
expr_0032	32	兼ねる	serve as	/ˈSɝːV æz/	〜としても機能する。	also function asはやや説明的。	This meeting serves as a training session.	/ðɪs ˈMIː.t̬ɪŋ ˈSɝːVZ æz ə ˈTREɪ.nɪŋ ˌSEʃ.ən/	academic	学習・教育・研究	normal	1	2026-10-02
expr_0033	33	〜分おきに	every ten minutes	/ˈEV.ri ˌTEN ˈMɪN.ɪts/	10分ごとに。	every other dayは一日おき。	The bus comes every ten minutes.	/ðə ˈBʌS ˌKʌMZ ˈEV.ri ˌTEN ˈMɪN.ɪts/	daily	日常生活・一般	normal	1	2026-10-02
expr_0034	34	教育を受ける	receive education	/rɪˌSIːV ˌEDʒ.əˈKEɪ.ʃən/	教育を受ける。やや硬い。	get trainingは研修を受ける。	All children should receive education.	/ɔːl ˈTʃɪL.drən ʃəd rɪˌSIːV ˌEDʒ.əˈKEɪ.ʃən/	education	学習・教育・研究	normal	1	2026-10-02
expr_0035	35	診療	clinical practice	/ˌKLɪN.ɪ.kəl ˈPRÆK.tɪs/	医療者の日常診療・臨床実践。	medical careは患者への医療提供。	This is common in clinical practice.	/ðɪs ɪz ˈKɑː.mən ɪn ˌKLɪN.ɪ.kəl ˈPRÆK.tɪs/	medical	医療・診療	normal	1	2026-10-02
expr_0036	36	良く言えば	to put it nicely	/tə ˌPʊT ɪt ˈNAɪS.li/	よく言えば、柔らかく言うと。	to put it bluntlyは悪く言えば・率直に言えば。	To put it nicely, he is very cautious.	/tə ˌPʊT ɪt ˈNAɪS.li | hi ɪz ˈVER.i ˈKɔː.ʃəs/	conversation	会話のつなぎ・リアクション	normal	1	2026-10-02
expr_0037	37	悪く言うと	to put it bluntly	/tə ˌPʊT ɪt ˈBLʌNT.li/	はっきり悪く言えば。	直接的で少し強い。	To put it bluntly, the plan is unrealistic.	/tə ˌPʊT ɪt ˈBLʌNT.li | ðə ˈPLÆN ɪz ˌʌn.riː.əˈLɪS.tɪk/	conversation	会話のつなぎ・リアクション	normal	1	2026-10-02
expr_0038	38	後輩	junior colleague	/ˌDʒUː.njɚ ˈKɑː.liːɡ/	職場で自分より経験・年次が下の同僚。	subordinateは部下で上下関係が強い。	I supported a junior colleague.	/aɪ səˌPɔːR.tɪd ə ˌDʒUː.njɚ ˈKɑː.liːɡ/	work	仕事・組織	normal	1	2026-10-02
expr_0039	39	先輩	senior colleague	/ˌSIː.njɚ ˈKɑː.liːɡ/	職場で自分より経験・年次が上の同僚。	bossは上司。	I learned a lot from a senior colleague.	/aɪ ˌLɝːND ə ˌLɑːT frəm ə ˌSIː.njɚ ˈKɑː.liːɡ/	work	仕事・組織	normal	1	2026-10-02
expr_0040	40	当たり前としてやる	take it for granted	/ˌTEɪK ɪt fər ˈɡRÆN.tɪd/	当然だと思って意識しない。	as a matter of courseは当然の手順として。	We shouldn’t take their support for granted.	/wi ˌʃʊD.ənt ˌTEɪK ðer səˈPɔːRT fər ˈɡRÆN.tɪd/	conversation	会話のつなぎ・リアクション	normal	1	2026-10-02
expr_0041	41	主に	mainly	/ˈMEɪN.li/	日常会話でも文章でも自然な「主に」。	chieflyは硬い。	I mainly work in primary care.	/aɪ ˈMEɪN.li ˈWɝːK ɪn ˌPRAɪ.mer.i ˈKER/	adverb	日常生活・一般	normal	1	2026-10-02
expr_0042	42	主に	chiefly	/ˈTʃIːF.li/	フォーマルな「主として」。	mainlyより文章的。	The program is chiefly designed for beginners.	/ðə ˈPROʊ.ɡræm ɪz ˈTʃIːF.li dɪˈZAɪND fər bɪˈɡɪN.ɚz/	academic	学習・教育・研究	normal	1	2026-10-02
expr_0043	43	任せる	leave it to someone	/ˈLIːV ɪt tə ˈSʌM.wʌn/	誰かに任せる。会話的。	delegateは業務を委任。	I’ll leave it to you.	/aɪl ˈLIːV ɪt tə ˈJUː/	conversation	会話のつなぎ・リアクション	normal	1	2026-10-02
expr_0044	44	任せる	delegate	/ˈDEL.əˌɡeɪt/	権限や業務を委任する。	leave it toより業務的。	I delegated the task to a team member.	/aɪ ˈDEL.əˌɡeɪ.tɪd ðə ˈTÆSK tə ə ˈTIːM ˌMEM.bɚ/	work	仕事・組織	normal	1	2026-10-02
expr_0045	45	多くの	a bunch of	/ə ˈBʌNTʃ əv/	たくさんの。口語的。	a bunch of bananasは一房のバナナにもなる。	I have a bunch of things to do.	/aɪ hæv ə ˈBʌNTʃ əv ˌTHɪŋZ tə ˈDUː/	conversation	会話のつなぎ・リアクション	normal	1	2026-10-02
expr_0046	46	行為	action	/ˈÆK.ʃən/	個別の行動・行為。	behaviorは行動パターン、conductは振る舞い・行為全体で硬い。	His actions affected the team.	/hɪz ˈÆK.ʃənz əˈFEK.tɪd ðə ˈTIːM/	noun	日常生活・一般	normal	1	2026-10-02
expr_0047	47	行動	behavior	/bɪˈHEɪ.vjɚ/	観察される振る舞い・行動様式。	actionよりパターンに焦点。	His behavior changed over time.	/hɪz bɪˈHEɪ.vjɚ ˌTʃEɪNDʒD ˌOʊ.vɚ ˈTAɪM/	noun	日常生活・一般	normal	1	2026-10-02
expr_0048	48	行為・品行	conduct	/ˈKɑːN.dʌkt/	規範から見た行為・振る舞い。硬い。	professional conductなど。	Professional conduct matters in clinical settings.	/prəˈFEʃ.ən.əl ˈKɑːN.dʌkt ˈMÆT̬.ɚz ɪn ˈKLɪN.ɪ.kəl ˈSET̬.ɪŋz/	academic	学習・教育・研究	normal	1	2026-10-02
expr_0049	49	無視・放置	ignore	/ɪɡˈNɔːR/	見聞きしたがあえて反応しない。	neglectはすべきケアを怠る、disregardは意図的に軽視。	He ignored my question.	/hi ɪɡˈNɔːRD maɪ ˈKWES.tʃən/	verb	日常生活・一般	normal	1	2026-10-02
expr_0050	50	怠る	neglect	/nɪˈɡLEKT/	必要な世話・義務を怠る。	ignoreより責任不履行が強い。	Don’t neglect your health.	/ˌDOʊNT nɪˈɡLEKT jɚ ˈHELθ/	verb	日常生活・一般	normal	1	2026-10-02
expr_0051	51	軽視する	disregard	/ˌdɪs.rɪˈɡɑːRD/	ルール・助言・事実を無視して重視しない。	ignoreより硬い。	He disregarded the warning.	/hi ˌdɪs.rɪˈɡɑːR.dɪd ðə ˈWɔːR.nɪŋ/	academic	学習・教育・研究	normal	1	2026-10-02
expr_0052	52	捨てる・放棄	throw away	/ˌTHROʊ əˈWEɪ/	物を捨てる普通の表現。	abandonは人・計画・場所を見捨てる。trashはくだけて捨てる。	I threw away the old papers.	/aɪ ˌTHRUː əˈWEɪ ði ˌOʊLD ˈPEɪ.pɚz/	daily	日常生活・一般	normal	1	2026-10-02
expr_0053	53	放棄する	abandon	/əˈBÆN.dən/	計画・人・場所を見捨てる、放棄する。	throw awayより重い。	They abandoned the original plan.	/ðeɪ əˈBÆN.dənd ði əˈRɪDʒ.ə.nəl ˈPLÆN/	verb	日常生活・一般	normal	1	2026-10-02
expr_0054	54	じっくり考える	ponder	/ˈPɑːN.dɚ/	一つの問いを静かに深く考える。	thinkより文章的、contemplateはさらに重い。	I need some time to ponder this question.	/aɪ ˌNIːD səm ˈTAɪM tə ˈPɑːN.dɚ ðɪs ˈKWES.tʃən/	thinking	日常生活・一般	normal	1	2026-10-02
expr_0055	55	深く考える	contemplate	/ˈKɑːN.təmˌpleɪt/	重大なことを深く熟考する。	ponderより人生・決断に向く。	She contemplated a career change.	/ʃi ˈKɑːN.təmˌpleɪ.tɪd ə kəˈRɪR ˌTʃEɪNDʒ/	thinking	日常生活・一般	normal	1	2026-10-02
expr_0056	56	復習・要約	recap	/ˈRIː.kæp/	要点を短く振り返る。会話・授業で自然。	refresherは思い出すための短い復習。	Let’s do a quick recap.	/lets ˌDUː ə ˌKWɪK ˈRIː.kæp/	education	学習・教育・研究	normal	1	2026-10-02
expr_0057	57	復習	refresher	/rɪˈFREʃ.ɚ/	忘れていたことを思い出すための復習。	recapはまとめ直し。	I need a quick refresher on this topic.	/aɪ ˌNIːD ə ˌKWɪK rɪˈFREʃ.ɚ ɑːn ðɪs ˈTɑː.pɪk/	education	学習・教育・研究	normal	1	2026-10-02
expr_0058	58	投げる	throw	/ˈTHROʊ/	手で投げる一般語。	castは狙って投げる・配役する・投じるなど文脈依存。	He threw the ball.	/hi ˌTHRUː ðə ˈBɔːL/	verb	日常生活・一般	normal	1	2026-10-02
expr_0059	59	〜といえば	speaking of ...	/ˈSPIː.kɪŋ əv/	直前の話題から連想して話をつなぐ。	when it comes toは話題領域を導入。	Speaking of English, I started a new habit.	/ˈSPIː.kɪŋ əv ˈɪŋ.ɡlɪʃ | aɪ ˌSTɑːR.tɪd ə ˌNUː ˈHÆB.ɪt/	conversation	会話のつなぎ・リアクション	normal	1	2026-10-02
expr_0060	60	裕福な	affluent	/ˈÆF.lu.ənt/	裕福で生活水準が高い。ややフォーマル。	richは直接的で口語的。	It is an affluent neighborhood.	/ɪt ɪz ən ˈÆF.lu.ənt ˈNEɪ.bɚˌhʊd/	adjective	人・感情・評価	normal	1	2026-10-02
expr_0061	61	いわゆる	so-called	/ˌSOʊ ˈKɔːLD/	いわゆる。ただし皮肉が入る場合あり。	neutralにはwhat we callも使える。	This is a so-called hidden curriculum.	/ðɪs ɪz ə ˌSOʊ ˈKɔːLD ˈHɪD.ən kəˈRɪK.jə.ləm/	academic	学習・教育・研究	normal	1	2026-10-02
expr_0062	62	〜するようにしている	make it a point to ...	/ˌMEɪK ɪt ə ˈPɔɪNT tə/	意識して必ず〜する。	try toより習慣・方針が強い。	I make it a point to give clear feedback.	/aɪ ˌMEɪK ɪt ə ˈPɔɪNT tə ˌɡɪV ˌKLɪR ˈFIːDˌbæk/	conversation	会話のつなぎ・リアクション	normal	1	2026-10-02
expr_0063	63	抑える	curb	/ˈKɝːB/	感情・行動・増加を抑制する。やや硬い。	controlより抑え込む感じ。	He tried to curb his anger.	/hi ˌTRAɪD tə ˈKɝːB hɪz ˈÆŋ.ɡɚ/	verb	日常生活・一般	normal	1	2026-10-02
expr_0064	64	浮かぶ	float	/ˈFLOʊT/	水などに浮く。	float on waterは水面に、float in the bathは浴槽の中。	The toy is floating in the bath.	/ðə ˈTɔɪ ɪz ˈFLOʊ.tɪŋ ɪn ðə ˈBÆθ/	daily	日常生活・一般	normal	1	2026-10-02
expr_0065	65	残業	overtime	/ˈOʊ.vɚˌtaɪm/	勤務時間を超えた労働。	work overtimeが動詞表現。	I had to work overtime yesterday.	/aɪ hæd tə ˌWɝːK ˈOʊ.vɚˌtaɪm ˈJES.tɚ.deɪ/	work	仕事・組織	normal	1	2026-10-02
expr_0066	66	可能性が高い	likely	/ˈLAɪK.li/	〜しそう、可能性が高い。	probablyは話者の推測、likelyは確率評価。	It’s likely to rain.	/ɪts ˈLAɪK.li tə ˈREɪN/	adjective	人・感情・評価	normal	1	2026-10-02
expr_0067	67	上司	boss	/ˈBɔːS/	日常的な上司。	supervisorは職務上の監督者。	I talked to my boss.	/aɪ ˌTɔːKT tə maɪ ˈBɔːS/	work	仕事・組織	normal	1	2026-10-02
expr_0068	68	部下	subordinate	/səˈBɔːR.dən.ət/	組織上の部下。やや硬く上下感あり。	team memberの方が柔らかいことも。	He manages several subordinates.	/hi ˈMÆN.ɪ.dʒɪz ˈSEV.ɚ.əl səˈBɔːR.dən.əts/	work	仕事・組織	normal	1	2026-10-02
expr_0069	69	骨子	outline	/ˈAʊTˌlaɪn/	プロジェクトや文章の概略。	skeletonは通じるが少し比喩的。	Could you give me an outline of the project?	/kəd ju ˌɡɪV mi ən ˈAʊTˌlaɪn əv ðə ˈPRɑː.dʒekt/	work	仕事・組織	normal	1	2026-10-02
expr_0070	70	常に	constantly	/ˈKɑːN.stənt.li/	頻繁に・絶えず。会話で自然。	perpetuallyは文語的で少し大げさ。	He is constantly checking his phone.	/hi ɪz ˈKɑːN.stənt.li ˈTʃEK.ɪŋ hɪz ˈFOʊN/	adverb	日常生活・一般	normal	1	2026-10-02
expr_0071	71	振り返りの	retrospective	/ˌret.rəˈSPEK.tɪv/	過去を振り返って分析する。	backwardは単に後方・逆方向。	We did a retrospective review.	/wi dɪd ə ˌret.rəˈSPEK.tɪv rɪˈVJUː/	academic	学習・教育・研究	normal	1	2026-10-02
expr_0072	72	ありがたさ	convenience	/kənˈVIː.njəns/	便利さ。	appreciationはありがたみ・感謝。	I really appreciate the convenience of modern appliances.	/aɪ ˌRɪL.i əˈPRIː.ʃiˌeɪt ðə kənˈVIː.njəns əv ˈMɑː.dɚn əˈPLAɪ.ən.sɪz/	daily	日常生活・一般	normal	1	2026-10-02
expr_0073	73	発達特性への表現	a bit different	/ə bɪt ˈDɪF.ɚ.ənt/	普通と少し違う、を柔らかく言う。	oddやweirdは失礼になりやすい。	He processes things a bit differently.	/hi ˈPRɑː.sesɪz ˈTHɪŋZ ə bɪt ˈDɪF.ɚ.ənt.li/	sensitive	日常生活・一般	normal	1	2026-10-02
expr_0074	74	育む	foster	/ˈFɑː.stɚ/	成長・関係・態度を促して育てる。	raiseは子を育てる、developは発達させる。	Good feedback can foster motivation.	/ɡʊd ˈFIːDˌbæk kən ˈFɑː.stɚ ˌmoʊ.təˈVEɪ.ʃən/	education	学習・教育・研究	normal	1	2026-10-02
expr_0075	75	描く・示す	portray	/pɔːrˈTREɪ/	人・状況をある見方で描写する。	illustrateは例や図で説明する。	The article portrays teachers as facilitators.	/ði ˈɑːr.t̬ə.kəl pɔːrˈTREɪZ ˈTIː.tʃɚz æz fəˈSɪL.əˌteɪ.tɚz/	academic	学習・教育・研究	normal	1	2026-10-02
expr_0076	76	説明する・図示する	illustrate	/ˈɪL.əˌstreɪt/	例・図・説明で分かりやすく示す。	portrayより説明目的。	This example illustrates the concept.	/ðɪs ɪɡˈZÆM.pəl ˈɪL.əˌstreɪTS ðə ˈKɑːN.sept/	academic	学習・教育・研究	normal	1	2026-10-02
expr_0077	77	同等の	equivalent	/ɪˈKWɪV.ə.lənt/	機能・価値・意味が同じ程度。	sameより厳密に対応関係。	This is roughly equivalent to two credits.	/ðɪs ɪz ˈRʌF.li ɪˈKWɪV.ə.lənt tə ˌTUː ˈKRED.ɪts/	academic	学習・教育・研究	normal	1	2026-10-02
expr_0078	78	女の勘	women’s intuition	/ˌWɪM.ɪnz ˌɪn.tuˈɪʃ.ən/	いわゆる女の勘。	instinctは本能に近い。	You could call it women’s intuition.	/ju kəd ˌKɔːL ɪt ˌWɪM.ɪnz ˌɪn.tuˈɪʃ.ən/	conversation	会話のつなぎ・リアクション	normal	1	2026-10-02
expr_0079	79	直感	intuition	/ˌɪn.tuˈɪʃ.ən/	理由を言語化せず分かる感じ。	instinctは生物的・反射的。	My intuition tells me something is wrong.	/maɪ ˌɪn.tuˈɪʃ.ən ˌTELZ mi ˌSʌM.θɪŋ ɪz ˈRɔːŋ/	concept	学習・教育・研究	normal	1	2026-10-02
expr_0080	80	本能	instinct	/ˈɪN.stɪŋkt/	身体や本能が反射的に反応する。	intuitionより生得的。	My first instinct was to run.	/maɪ ˌFɝːST ˈɪN.stɪŋkt wəz tə ˈRʌN/	concept	学習・教育・研究	normal	1	2026-10-02
expr_0081	81	言及せずにいられない	I can’t help but mention it.	/aɪ ˌKÆNT ˈHELP bət ˈMEN.ʃən ɪt/	どうしても触れておきたい。	noteはフォーマルでthat節が自然。	I can’t help but mention this point.	/aɪ ˌKÆNT ˈHELP bət ˈMEN.ʃən ðɪs ˈPɔɪNT/	conversation	会話のつなぎ・リアクション	normal	1	2026-10-02
expr_0082	82	夢中・執着	be obsessed with	/bi əbˈSEST wɪð/	どハマり、または執着。	really intoより強い。	I’m obsessed with this show.	/aɪm əbˈSEST wɪð ðɪs ˈʃOʊ/	conversation	会話のつなぎ・リアクション	normal	1	2026-10-02
expr_0083	83	保証する	assure	/əˈʃʊR/	人を安心させるように請け合う。	guaranteeは結果を保証。ensureは確実にする。	I can assure you that it’s safe.	/aɪ kən əˈʃʊR ju ðæt ɪts ˈSEɪF/	verb	日常生活・一般	normal	1	2026-10-02
expr_0084	84	保証する	guarantee	/ˌɡer.ənˈTIː/	結果・品質・実現を保証する。	assureより責任が強い。	I can’t guarantee that it will work.	/aɪ ˌKÆNT ˌɡer.ənˈTIː ðæt ɪt wəl ˈWɝːK/	verb	日常生活・一般	normal	1	2026-10-02
expr_0085	85	深い	profound	/prəˈFAʊND/	本質に届くほど深い・影響が大きい。	deepよりフォーマルで重い。	The experience had a profound impact on me.	/ði ɪkˈSPɪR.i.əns hæd ə prəˌFAʊND ˈɪM.pækt ɑːn mi/	adjective	人・感情・評価	normal	1	2026-10-02
expr_0086	86	全体として	as a whole	/æz ə ˈHOʊL/	部分ではなく全体をひとまとまりとして。	overallは総合的に、in its entiretyは全部欠かさず。	The program worked well as a whole.	/ðə ˈPROʊ.ɡræm ˌWɝːKT ˌWEL æz ə ˈHOʊL/	academic	学習・教育・研究	normal	1	2026-10-02
expr_0087	87	募集	recruitment	/rɪˈKRUːT.mənt/	人を集めて参加してもらう。	adoptionは方法・技術の導入。	Participant recruitment was difficult.	/pɑːrˌTɪS.ə.pənt rɪˈKRUːT.mənt wəz ˈDɪF.ə.kəlt/	research	日常生活・一般	normal	1	2026-10-02
expr_0088	88	導入・採用	adoption	/əˈDɑːP.ʃən/	新しい方法・技術を取り入れて使う。	recruitmentは人を集める。	The adoption of AI tools is increasing.	/ði əˈDɑːP.ʃən əv ˌeɪˈAɪ ˈTUːLZ ɪz ɪnˈKRIː.sɪŋ/	academic	学習・教育・研究	normal	1	2026-10-02
expr_0089	89	多数	a multitude of	/ə ˈMʌL.təˌtuːd əv/	非常に多くの。ややフォーマル。	a lot ofの方が会話的。	A multitude of factors influence learning.	/ə ˈMʌL.təˌtuːd əv ˈFÆK.tɚz ˈɪN.flu.əns ˈLɝː.nɪŋ/	academic	学習・教育・研究	normal	1	2026-10-02
expr_0090	90	関係がある	have something to do with	/hæv ˌSʌM.θɪŋ tə ˈDUː wɪð/	何かしら関係がある。会話的。	be related toは客観的。	It may have something to do with stress.	/ɪt meɪ hæv ˌSʌM.θɪŋ tə ˈDUː wɪð ˈSTRES/	conversation	会話のつなぎ・リアクション	normal	1	2026-10-02
expr_0091	91	〜について	as to	/ˈÆZ tə/	論点・不確実性を限定して〜について。	aboutは普通の〜について。	There is uncertainty as to whether this will work.	/ðer ɪz ʌnˈSɝː.tən.ti æz tə ˈWEð.ɚ ðɪs wəl ˈWɝːK/	academic	学習・教育・研究	normal	1	2026-10-02
expr_0092	92	子どもの頃から	since they were kids	/sɪns ðeɪ wɚ ˈKɪDZ/	子どもの頃から今まで。	sinceにuntil nowは通常不要。	They’ve known each other since they were kids.	/ðeɪv ˌNOʊN iːtʃ ˈʌð.ɚ sɪns ðeɪ wɚ ˈKɪDZ/	grammar	子育て・家族	normal	1	2026-10-02
expr_0093	93	傾向がある	tend to	/ˈTEND tə/	実際によくそうなる。中立。	inclinedは気持ち・性向、proneは悪いことになりやすい。	I tend to study in the morning.	/aɪ ˈTEND tə ˈSTʌD.i ɪn ðə ˈMɔːR.nɪŋ/	grammar	日常生活・一般	normal	1	2026-10-02
expr_0094	94	傾向がある	be inclined to	/bi ɪnˈKLAɪND tə/	気持ちや判断がそちらに傾く。	tendより内的な性向。	I’m inclined to agree with you.	/aɪm ɪnˈKLAɪND tə əˈɡRIː wɪð ju/	academic	学習・教育・研究	normal	1	2026-10-02
expr_0095	95	〜しやすい	be prone to	/bi ˈPROʊN tə/	悪いこと・問題が起きやすい素因。	tendより脆弱性が強い。	Some patients are prone to falls.	/səm ˈPEɪ.ʃənts ɑːr ˈPROʊN tə ˈFɔːLZ/	medical	医療・診療	normal	1	2026-10-02
expr_0096	96	順序	order	/ˈɔːR.dɚ/	何が先で何が後かという並び。	sequenceは連続した流れ。	Put these steps in the correct order.	/ˌPʊT ðiːz ˈSTEPS ɪn ðə kəˈREKT ˈɔːR.dɚ/	noun	日常生活・一般	normal	1	2026-10-02
expr_0097	97	連続順序	sequence	/ˈSIː.kwəns/	段階や出来事が連続して進む流れ。	orderより展開に焦点。	We need to understand the sequence of events.	/wi ˌNIːD tə ˌʌn.dɚˈSTÆND ðə ˈSIː.kwəns əv ɪˈVENTS/	noun	日常生活・一般	normal	1	2026-10-02
expr_0098	98	組み立てる	assemble	/əˈSEM.bəl/	部品や人を集めて形にする。	combineはAとBを一緒にする。	We assembled a team for the project.	/wi əˈSEM.bəld ə ˈTIːM fər ðə ˈPRɑː.dʒekt/	verb	日常生活・一般	normal	1	2026-10-02
expr_0099	99	組み合わせる	combine	/kəmˈBAɪN/	複数のものを一緒にして扱う。	assembleより構築感は弱い。	This approach combines theory and practice.	/ðɪs əˈPROʊTʃ kəmˈBAɪNZ ˈTHɪR.i ən ˈPRÆK.tɪs/	verb	日常生活・一般	normal	1	2026-10-02
expr_0100	100	顕著な	remarkable	/rɪˈMɑːR.kə.bəl/	注目・称賛に値するほど並外れた。	conspicuousは目につく。	She made remarkable progress.	/ʃi ˌMEɪD rɪˈMɑːR.kə.bəl ˈPRɑː.ɡres/	adjective	人・感情・評価	normal	1	2026-10-02
expr_0101	101	目立つ	conspicuous	/kənˈSPɪK.ju.əs/	周囲から浮いて目につく。	remarkableのような称賛とは限らない。	Her absence was conspicuous.	/hɚ ˈÆB.səns wəz kənˈSPɪK.ju.əs/	adjective	人・感情・評価	normal	1	2026-10-02
expr_0102	102	機器	equipment	/ɪˈKWɪP.mənt/	道具・機器の総称。不可算。	apparatusは特定機能の装置。	The hospital bought new medical equipment.	/ðə ˈHɑː.spɪ.t̬əl ˌBɔːT ˌNUː ˈMED.ɪ.kəl ɪˈKWɪP.mənt/	noun	日常生活・一般	normal	1	2026-10-02
expr_0103	103	装置	apparatus	/ˌÆP.əˈRÆT̬.əs/	特定の機能を果たすまとまりの装置。	equipmentより個別装置感。	The apparatus measures airflow.	/ði ˌÆP.əˈRÆT̬.əs ˈMEʒ.ɚz ˈER.floʊ/	noun	日常生活・一般	normal	1	2026-10-02
expr_0104	104	大部分は	mostly	/ˈMOʊST.li/	だいたい・大部分は。会話で自然。	predominantlyは構成比を客観的に。	The patients are mostly older adults.	/ðə ˈPEɪ.ʃənts ɑːr ˈMOʊST.li ˌOʊL.dɚ əˈDʌLTS/	adverb	日常生活・一般	normal	1	2026-10-02
expr_0105	105	主として	predominantly	/prɪˈDɑː.mə.nənt.li/	集団や性質の大多数を占める。フォーマル。	mostlyより研究向き。	The participants were predominantly female.	/ðə pɑːrˈTɪS.ə.pənts wɚ prɪˈDɑː.mə.nənt.li ˈFIː.meɪl/	research	日常生活・一般	normal	1	2026-10-02
expr_0106	106	〜から成る	comprise	/kəmˈPRAɪZ/	全体が部分を含んで成り立つ。	be composed ofは部分によって構成される。	The team comprises five doctors.	/ðə ˈTIːM kəmˈPRAɪ.zɪz ˌFAɪV ˈDɑːK.tɚz/	academic	学習・教育・研究	normal	1	2026-10-02
expr_0107	107	構成される	be composed of	/bi kəmˈPOʊZD əv/	部分が集まって全体を作る。	compriseより説明的。	The team is composed of five doctors.	/ðə ˈTIːM ɪz kəmˈPOʊZD əv ˌFAɪV ˈDɑːK.tɚz/	academic	学習・教育・研究	normal	1	2026-10-02
expr_0108	108	認識する	recognize	/ˈREK.əɡˌnaɪz/	それが何か・重要だと気づく。	acknowledgeは認めて受け止める。	We need to recognize the problem.	/wi ˌNIːD tə ˈREK.əɡˌnaɪZ ðə ˈPRɑːB.ləm/	verb	日常生活・一般	normal	1	2026-10-02
expr_0109	109	認める	acknowledge	/əkˈNɑː.lɪdʒ/	気づいたことを否定せず明示的に認める。	recognizeより表明が強い。	We need to acknowledge the limitations.	/wi ˌNIːD tə əkˈNɑː.lɪdʒ ðə ˌlɪm.əˈTEɪ.ʃənz/	academic	学習・教育・研究	normal	1	2026-10-02
expr_0110	110	一貫した	consistent	/kənˈSɪS.tənt/	時間や場面をまたいでブレない。	coherentは内部の論理がつながる。	The findings were consistent.	/ðə ˈFAɪN.dɪŋz wɚ kənˈSɪS.tənt/	academic	学習・教育・研究	normal	1	2026-10-02
expr_0111	111	筋が通った	coherent	/koʊˈHɪR.ənt/	複数要素が論理的につながる。	consistentは矛盾しない・ブレない。	She gave a coherent explanation.	/ʃi ˌɡEɪV ə koʊˈHɪR.ənt ˌek.spləˈNEɪ.ʃən/	academic	学習・教育・研究	normal	1	2026-10-02
expr_0112	112	間違いなく	definitely	/ˈDEF.ə.nət.li/	話者が強く確信している。	undeniablyは否定できないほど明らか。	I’ll definitely go.	/aɪl ˈDEF.ə.nət.li ˈɡOʊ/	adverb	日常生活・一般	normal	1	2026-10-02
expr_0113	113	否定できないほど	undeniably	/ˌʌn.dɪˈNAɪ.ə.bli/	誰も否定しにくいほど明白。	definitelyより客観的・評価的。	She is undeniably talented.	/ʃi ɪz ˌʌn.dɪˈNAɪ.ə.bli ˈTÆL.ən.tɪd/	adverb	日常生活・一般	normal	1	2026-10-02
expr_0114	114	説明する	explain	/ɪkˈSPLEɪN/	相手に分かるよう説明する。	account forは理由として説明がつく。	Can you explain this concept?	/kən ju ɪkˈSPLEɪN ðɪs ˈKɑːN.sept/	verb	日常生活・一般	normal	1	2026-10-02
expr_0115	115	説明がつく	account for	/əˈKAʊNT fər/	ある要因が現象の理由を説明する。	explainより分析的。	Stress may account for some symptoms.	/ˈSTRES meɪ əˈKAʊNT fər səm ˈSɪMP.təmz/	academic	学習・教育・研究	normal	1	2026-10-02
expr_0116	116	変える	change	/ˈTʃEɪNDʒ/	状態を別の状態にする万能語。	convertは形式・用途をAからBへ変換。	We need to change the plan.	/wi ˌNIːD tə ˈTʃEɪNDʒ ðə ˈPLÆN/	verb	日常生活・一般	normal	1	2026-10-02
expr_0117	117	変換する	convert	/kənˈVɝːT/	形式・用途・体系を別のものに変える。	changeよりA to Bが明確。	Convert the PDF to Word.	/kənˈVɝːT ðə ˌpiː.diːˈEF tə ˈWɝːD/	verb	日常生活・一般	normal	1	2026-10-02
expr_0118	118	合理的な	rational	/ˈRÆʃ.ə.nəl/	感情より理由・目的に基づく。	logicalは前提から結論まで筋道。	It was a rational decision.	/ɪt wəz ə ˈRÆʃ.ə.nəl dɪˈSɪʒ.ən/	adjective	人・感情・評価	normal	1	2026-10-02
expr_0119	119	論理的な	logical	/ˈLɑː.dʒɪ.kəl/	推論や説明の筋が通っている。	rationalは判断の合理性。	Your argument is logical.	/jɚ ˈɑːR.ɡjə.mənt ɪz ˈLɑː.dʒɪ.kəl/	adjective	人・感情・評価	normal	1	2026-10-02
expr_0120	120	解説する	break down	/ˌBREɪK ˈDAʊN/	複雑なものをかみ砕いて説明する。	dumb downはレベルを下げすぎる含み。	Let me break it down for you.	/let mi ˌBREɪK ɪt ˈDAʊN fər ju/	education	学習・教育・研究	normal	1	2026-10-02
expr_0121	121	解説する	walk someone through	/ˌWɔːK ˈSʌM.wʌn ˈTHRUː/	順を追って説明する。	explainより手順説明。	Let me walk you through the process.	/let mi ˌWɔːK ju ˈTHRUː ðə ˈPRɑː.ses/	education	学習・教育・研究	normal	1	2026-10-02
expr_0122	122	定型発達	typically developing	/ˌTɪP.ɪ.kli dɪˈVEL.ə.pɪŋ/	小児発達文脈での定型発達。	neurotypicalは神経発達特性の対比。	A typically developing child may respond differently.	/ə ˌTɪP.ɪ.kli dɪˈVEL.ə.pɪŋ ˈTʃAɪLD meɪ rɪˈSPɑːND ˈDɪF.ɚ.ənt.li/	childcare	日常生活・一般	normal	1	2026-10-02
expr_0123	123	発達障害	developmental disability	/dɪˌVEL.əpˈMEN.t̬əl ˌdɪs.əˈBɪL.ə.t̬i/	広い意味での発達上の障害。	neurodevelopmental disorderは医学的診断群。	Children with developmental disabilities need support.	/ˈTʃɪL.drən wɪð dɪˌVEL.əpˈMEN.t̬əl ˌdɪs.əˈBɪL.ə.t̬iz ˌNIːD səˈPɔːRT/	childcare	医療・診療	normal	1	2026-10-02
expr_0124	124	特別支援学校	special needs school	/ˌSPEʃ.əl ˈNIːDZ ˌSKUːL/	会話での特別支援学校。	school for special needs educationは制度説明。	My child goes to a special needs school.	/maɪ ˈTʃAɪLD ˌɡOʊZ tə ə ˌSPEʃ.əl ˈNIːDZ ˌSKUːL/	childcare	日常生活・一般	normal	1	2026-10-02
expr_0125	125	自発的に関与	engage on their own initiative	/ɪnˈɡEɪDʒ ɑːn ðer ˌOʊN ɪˈNɪʃ.ə.tɪv/	やらされず自ら関与する。	actively engageは積極的だが自発性は弱い。	Learners engage on their own initiative.	/ˈLɝː.nɚz ɪnˈɡEɪDʒ ɑːn ðer ˌOʊN ɪˈNɪʃ.ə.tɪv/	education	学習・教育・研究	normal	1	2026-10-02
expr_0126	126	関連する	associated with	/əˈSOʊ.siˌeɪ.t̬ɪd wɪð/	データ上・概念上関連する。因果は断定しない。	connectedは線でつながる感じ。	Smoking is associated with lung cancer.	/ˈSMOʊ.kɪŋ ɪz əˈSOʊ.siˌeɪ.t̬ɪd wɪð ˈLʌŋ ˌKÆN.sɚ/	research	日常生活・一般	normal	1	2026-10-02
expr_0127	127	つながる	connected to	/kəˈNEK.tɪd tə/	物理的・概念的につながる。	associated withより直接的。	The device is connected to the network.	/ðə dɪˈVAɪS ɪz kəˈNEK.tɪd tə ðə ˈNETˌWɝːK/	verb	日常生活・一般	normal	1	2026-10-02
expr_0128	128	完全に	utterly	/ˈʌT̬.ɚ.li/	極端なほど完全に。強い評価。	completelyより感情的で形容詞を選ぶ。	That is utterly ridiculous.	/ðæt ɪz ˈʌT̬.ɚ.li rɪˈDɪK.jə.ləs/	adverb	日常生活・一般	normal	1	2026-10-02
expr_0129	129	邪魔する	disturb	/dɪˈSTɝːB/	人・睡眠・平穏を乱す。	disruptは流れやシステムを崩す。	Sorry to disturb you.	/ˈSɑːR.i tə dɪˈSTɝːB ju/	verb	日常生活・一般	normal	1	2026-10-02
expr_0130	130	中断させる	disrupt	/dɪsˈRʌPT/	流れ・機能・システムを乱す。	disturbより構造的。	The storm disrupted train services.	/ðə ˈSTɔːRM dɪsˈRʌP.tɪd ˈTREɪN ˈSɝː.vɪ.sɪz/	verb	日常生活・一般	normal	1	2026-10-02
expr_0131	131	危険な	dangerous	/ˈDEɪN.dʒɚ.əs/	危険がある日常の一般語。	perilousは命がけで文語的。	This road is dangerous at night.	/ðɪs ˈROʊD ɪz ˈDEɪN.dʒɚ.əs ət ˈNAɪT/	adjective	人・感情・評価	normal	1	2026-10-02
expr_0132	132	危機的な	perilous	/ˈPER.ə.ləs/	深刻な危険が迫る。文語的。	dangerousよりドラマチック。	They made a perilous journey.	/ðeɪ ˌMEɪD ə ˈPER.ə.ləs ˈDʒɝː.ni/	adjective	人・感情・評価	normal	1	2026-10-02
expr_0133	133	助ける	help	/ˈHELP/	広く助ける・役立つ。会話の万能語。	assistは特定作業を補助。	Can I help you?	/kən aɪ ˈHELP ju/	verb	日常生活・一般	normal	1	2026-10-02
expr_0134	134	補助する	assist	/əˈSɪST/	業務・作業の一部を補助する。フォーマル。	helpより役割感がある。	A nurse assisted the doctor.	/ə ˈNɝːS əˈSɪS.tɪd ðə ˈDɑːK.tɚ/	work	仕事・組織	normal	1	2026-10-02
expr_0135	135	硬直した	rigid	/ˈRɪDʒ.ɪd/	柔軟性がない。	stringentは基準が厳しい。	The rules are too rigid.	/ðə ˈRUːLZ ɑːr tuː ˈRɪDʒ.ɪd/	adjective	人・感情・評価	normal	1	2026-10-02
expr_0136	136	厳格な	stringent	/ˈSTRɪN.dʒənt/	基準や条件が厳しく満たしにくい。	rigidは融通が利かない。	The study had stringent criteria.	/ðə ˈSTʌD.i hæd ˈSTRɪN.dʒənt kraɪˈTɪR.i.ə/	academic	学習・教育・研究	normal	1	2026-10-02
expr_0137	137	通して	through	/ˈTHRUː/	中を通って反対側へ。	thoroughlyは隅々まで徹底的に。	We walked through the forest.	/wi ˌWɔːKT ˈTHRUː ðə ˈFɔːR.ɪst/	preposition	日常生活・一般	normal	1	2026-10-02
expr_0138	138	徹底的に	thoroughly	/ˈTHɝː.oʊ.li/	隅々まで・抜けなく。	completelyは100%。	We thoroughly examined the patient.	/wi ˈTHɝː.oʊ.li ɪɡˈZÆM.ɪnd ðə ˈPEɪ.ʃənt/	adverb	日常生活・一般	normal	1	2026-10-02
expr_0139	139	完全に	completely	/kəmˈPLIːT.li/	程度が100%。	thoroughlyは行為が隅々まで。	The two approaches are completely different.	/ðə ˌTUː əˈPROʊ.tʃɪz ɑːr kəmˈPLIːT.li ˈDɪF.ɚ.ənt/	adverb	日常生活・一般	normal	1	2026-10-02
expr_0140	140	成し遂げる	accomplish	/əˈKɑːM.plɪʃ/	タスク・仕事など、やるべきことを最後までやり遂げる。	achieve は目標・成果という到達点に達することに焦点。	We accomplished everything we needed to do today.	/wi əˈKɑːM.plɪʃt ˌEV.riˌθɪŋ wi ˌNIː.dɪd tə ˈDUː təˌDEɪ/	verb	日常生活・一般	normal	1	2026-10-02
expr_0141	141	到達する	attain	/əˈTEɪN/	努力して水準・状態に到達する。	accomplishは完遂。	She attained a high level of proficiency.	/ʃi əˈTEɪND ə ˌHAɪ ˈLEV.əl əv prəˈFɪʃ.ən.si/	academic	学習・教育・研究	normal	1	2026-10-02
expr_0142	142	分野	field	/ˈFIːLD/	専門・学問領域。	areaはその中の特定テーマ。disciplineは学問体系。	Medical education is my field.	/ˈMED.ɪ.kəl ˌEDʒ.əˈKEɪ.ʃən ɪz maɪ ˈFIːLD/	academic	学習・教育・研究	normal	1	2026-10-02
expr_0143	143	領域	area	/ˈER.i.ə/	大きな分野内の特定範囲。	fieldより狭い。	Feedback is an important area of medical education.	/ˈFIːDˌbæk ɪz ən ɪmˈPɔːR.tənt ˈER.i.ə əv ˈMED.ɪ.kəl ˌEDʒ.əˈKEɪ.ʃən/	academic	学習・教育・研究	normal	1	2026-10-02
expr_0144	144	学問分野	discipline	/ˈDɪS.ə.plən/	学問体系としての分野。	fieldより制度化された学問領域。	Education is an interdisciplinary discipline.	/ˌEDʒ.əˈKEɪ.ʃən ɪz ən ˌɪn.tɚˈDɪS.ə.pləˌner.i ˈDɪS.ə.plən/	academic	学習・教育・研究	normal	1	2026-10-02
expr_0145	145	明快な	straightforward	/ˌstreɪtˈFɔːR.wɚd/	複雑でなく、回りくどくない。	simpleは単純、frankは本音を隠さない。	I try to give students clear, straightforward answers.	/aɪ ˌTRAɪ tə ˌɡɪV ˈSTUː.dənts ˌKLɪR ˌstreɪtˈFɔːR.wɚd ˈÆN.sɚz/	adjective	人・感情・評価	normal	1	2026-10-02
expr_0146	146	単純な	simple	/ˈSɪM.pəl/	要素や構造が単純。	straightforwardは進め方や説明が明快。	The process is simple.	/ðə ˈPRɑː.ses ɪz ˈSɪM.pəl/	adjective	人・感情・評価	normal	1	2026-10-02
expr_0147	147	率直な	frank	/ˈFRÆŋK/	遠慮せず本音を言う。	straightforwardは回りくどくない。	Let me be frank with you.	/let mi bi ˈFRÆŋK wɪð ju/	adjective	人・感情・評価	normal	1	2026-10-02
expr_0148	148	生理中	on my period	/ɑːn maɪ ˈPɪR.i.əd/	生理中の標準的で失礼でない表現。	menstruatingは医学的。	I’m on my period.	/aɪm ɑːn maɪ ˈPɪR.i.əd/	daily	日常生活・一般	normal	1	2026-10-02
expr_0149	149	受け入れる	embrace	/ɪmˈBREɪS/	価値を認めて前向きに受け入れる。	adoptは方法として採用。acceptは現実として受け入れる。	We need to embrace change.	/wi ˌNIːD tə ɪmˈBREɪS ˈTʃEɪNDʒ/	verb	日常生活・一般	normal	1	2026-10-02
expr_0150	150	予測する	predict	/prɪˈDɪKT/	未来の結果をデータ・根拠から予測する。	expect は話し手の見込み、prospect は将来の見込みを表す名詞。	The model predicts a rise in mortality.	/ðə ˈMɑː.dəl prɪˈDɪKTS ə ˌRAɪZ ɪn mɔːrˈTÆL.ə.t̬i/	academic	学習・教育・研究	normal	1	2026-10-02
expr_0151	151	見越す	foresee	/fɔːrˈSIː/	先の展開や問題を予見する。	predictより問題・展開に焦点。	I foresee some problems with this approach.	/aɪ fɔːrˈSIː səm ˈPRɑːB.ləmz wɪð ðɪs əˈPROʊTʃ/	academic	学習・教育・研究	normal	1	2026-10-02
expr_0152	152	予期する	anticipate	/ænˈTɪS.əˌpeɪt/	起こりそうなことを前もって想定する。	predictより備えの含みがある。	We anticipated some problems.	/wi ænˈTɪS.əˌpeɪ.tɪd səm ˈPRɑːB.ləmz/	academic	学習・教育・研究	normal	1	2026-10-02
expr_0153	153	寛容な	tolerant	/ˈTɑː.lɚ.ənt/	違いや意見を受け入れられる。	lenientは罰やルール適用が甘め。	She is tolerant of different opinions.	/ʃi ɪz ˈTɑː.lɚ.ənt əv ˈDɪF.ɚ.ənt əˈPɪN.jənz/	adjective	人・感情・評価	normal	1	2026-10-02
expr_0154	154	寛大な・甘め	lenient	/ˈLIː.ni.ənt/	ルールや失敗に厳しすぎない。	tolerantより規則適用に焦点。	The teacher is lenient with students.	/ðə ˈTIː.tʃɚ ɪz ˈLIː.ni.ənt wɪð ˈSTUː.dənts/	education	学習・教育・研究	normal	1	2026-10-02
expr_0155	155	拡大する	enlarge	/ɪnˈLɑːRDʒ/	物理的・視覚的サイズを大きくする。	expandは範囲・規模・内容を広げる。	Can you enlarge this image?	/kən ju ɪnˈLɑːRDʒ ðɪs ˈɪM.ɪdʒ/	verb	日常生活・一般	normal	1	2026-10-02
expr_0156	156	拡張する	expand	/ɪkˈSPÆND/	範囲・規模・内容を広げる。	enlargeはサイズ。	We want to expand our services.	/wi ˌWɑːNT tə ɪkˈSPÆND aʊɚ ˈSɝː.vɪ.sɪz/	verb	日常生活・一般	normal	1	2026-10-02
expr_0157	157	貯める	save	/ˈSEɪV/	使わずに取っておく・保存する。	accumulateは時間とともに蓄積。	I’m trying to save money.	/aɪm ˌTRAɪ.ɪŋ tə ˈSEɪV ˈMʌN.i/	verb	日常生活・一般	normal	1	2026-10-02
expr_0158	158	蓄積する	accumulate	/əˈKJUː.mjəˌleɪt/	時間とともに量が積み上がる。	saveより意図性が弱いことも。	Dust accumulated on the shelf.	/ˈDʌST əˈKJUː.mjəˌleɪ.tɪd ɑːn ðə ˈʃELF/	verb	日常生活・一般	normal	1	2026-10-02
expr_0159	159	完全な	complete	/kəmˈPLIːT/	必要なものが全部そろっている。	perfectは欠点がなく理想的。	The report is complete.	/ðə rɪˈPɔːRT ɪz kəmˈPLIːT/	adjective	人・感情・評価	normal	1	2026-10-02
expr_0160	160	完璧な	perfect	/ˈPɝː.fɪkt/	欠点がなく理想的。	completeは欠けていない。	The timing is perfect.	/ðə ˈTAɪ.mɪŋ ɪz ˈPɝː.fɪkt/	adjective	人・感情・評価	normal	1	2026-10-02
expr_0161	161	結果	result	/rɪˈZʌLT/	最終的に出てきた結果。中立。	consequenceは原因から後続する帰結。	The results were better than expected.	/ðə rɪˈZʌLTS wɚ ˈBET̬.ɚ ðən ɪkˈSPEK.tɪd/	academic	学習・教育・研究	normal	1	2026-10-02
expr_0162	162	帰結	consequence	/ˈKɑːN.səˌkwens/	ある行動・原因の結果として起こること。	resultより因果が強い。	We need to consider the consequences.	/wi ˌNIːD tə kənˈSɪD.ɚ ðə ˈKɑːN.səˌkwen.sɪz/	academic	学習・教育・研究	normal	1	2026-10-02
expr_0163	163	〜のために	because of	/bɪˈKʌZ əv/	理由を表す会話の基本。	due toはややフォーマル。	We canceled the trip because of the rain.	/wi ˈKÆN.səld ðə ˈTRɪP bɪˈKʌZ əv ðə ˈREɪN/	grammar	日常生活・一般	normal	1	2026-10-02
expr_0164	164	〜に起因して	due to	/ˈDUː tə/	原因を表す中立・やや事務的表現。	because ofよりフォーマル。	The delay was due to bad weather.	/ðə dɪˈLEɪ wəz ˈDUː tə ˌBÆD ˈWEð.ɚ/	grammar	日常生活・一般	normal	1	2026-10-02
expr_0165	165	〜のおかげで	thanks to	/ˈTHÆŋKS tə/	好ましい原因。皮肉も可。	due toは中立。	Thanks to your help, we finished on time.	/ˈTHÆŋKS tə jɚ ˈHELP | wi ˈFɪN.ɪʃt ɑːn ˈTAɪM/	conversation	会話のつなぎ・リアクション	normal	1	2026-10-02
expr_0166	166	当初は	initially	/ɪˈNɪʃ.ə.li/	初期段階では。客観的・フォーマル。	at firstは最初は〜だったが後で変化。	The program was initially designed for students.	/ðə ˈPROʊ.ɡræm wəz ɪˈNɪʃ.ə.li dɪˈZAɪND fər ˈSTUː.dənts/	academic	学習・教育・研究	normal	1	2026-10-02
expr_0167	167	最初は	at first	/æt ˈFɝːST/	最初はそうだったが後で変わる含み。	initiallyより会話的。	At first, I was nervous.	/æt ˈFɝːST | aɪ wəz ˈNɝː.vəs/	conversation	会話のつなぎ・リアクション	normal	1	2026-10-02
expr_0168	168	順序立て	first, then, and then	/ˈFɝːST | ˈÐEN | ən ˈÐEN/	会話で順を追って説明する基本。	firstlyは硬め。	First, I explained it. Then, we practiced.	/ˈFɝːST | aɪ ɪkˈSPLEɪND ɪt | ˈÐEN | wi ˈPRÆK.tɪst/	conversation	会話のつなぎ・リアクション	normal	1	2026-10-02
expr_0169	169	きのこ	mushrooms	/ˈMʌʃ.ruːmz/	食材としてのきのこ。	mushroomは単数。	I added mushrooms to the rice.	/aɪ ˈÆD.ɪd ˈMʌʃ.ruːmz tə ðə ˈRAɪS/	food	日常生活・一般	normal	1	2026-10-02
expr_0170	170	油揚げ	thin fried tofu	/ˌTHɪN ˌFRAɪD ˈTOʊ.fuː/	油揚げを説明する自然な表現。	aburaage +説明でもよい。	I used thin fried tofu in the rice.	/aɪ ˌJUːZD ˌTHɪN ˌFRAɪD ˈTOʊ.fuː ɪn ðə ˈRAɪS/	food	日常生活・一般	normal	1	2026-10-02
expr_0171	171	炊飯器	rice cooker	/ˈRAɪS ˌKʊK.ɚ/	炊飯器。	cook rice in a rice cookerで自然。	I cooked rice in a rice cooker.	/aɪ ˌKʊKT ˈRAɪS ɪn ə ˈRAɪS ˌKʊK.ɚ/	food	日常生活・一般	normal	1	2026-10-02
expr_0172	172	風呂に入る	take a bath	/ˌTEɪK ə ˈBÆθ/	湯船に入る。	take a showerはシャワー。	I’m going to take a bath.	/aɪm ˈɡOʊ.ɪŋ tə ˌTEɪK ə ˈBÆθ/	daily	家・家事	normal	1	2026-10-02
expr_0173	173	一旦〜すると	once	/ˈWʌNS/	ある状態に入ったらその後は。	whenより境目が強い。	Once you get used to it, it becomes easier.	/ˈWʌNS ju ɡet ˈJUːST tə ɪt | ɪt bɪˈKʌMZ ˈIː.zi.ɚ/	grammar	日常生活・一般	normal	1	2026-10-02
expr_0174	174	表と裏	front and back	/ˌFRʌNT ən ˈBÆK/	カードや紙の表裏。	heads and tailsはコイン。	Write it on the front and back.	/ˌRAɪT ɪt ɑːn ðə ˌFRʌNT ən ˈBÆK/	daily	日常生活・一般	normal	1	2026-10-02
expr_0175	175	単語カード	flashcard	/ˈFLÆʃˌkɑːRD/	学習用カード。	vocabulary cardより一般的。	I make flashcards to learn vocabulary.	/aɪ ˌMEɪK ˈFLÆʃˌkɑːRDZ tə ˌLɝːN voʊˈKÆB.jəˌler.i/	learning	日常生活・一般	normal	1	2026-10-02
expr_0176	176	認知科学	cognitive science	/ˈKɑːɡ.nə.tɪv ˈSAɪ.əns/	記憶・注意・学習などを扱う学問。	memoryは記憶、retrieveは記憶から取り出す。	Cognitive science helps explain learning.	/ˈKɑːɡ.nə.tɪv ˈSAɪ.əns ˌHELPS ɪkˈSPLEɪN ˈLɝː.nɪŋ/	learning	学習・教育・研究	normal	1	2026-10-02
expr_0177	177	思い出す	recall	/rɪˈKɔːL/	意識的に記憶を呼び出す。	rememberは日常、retrieveは認知科学的。	I couldn’t recall his name.	/aɪ ˈKʊD.ənt rɪˈKɔːL hɪz ˈNEɪM/	learning	日常生活・一般	normal	1	2026-10-02
expr_0178	178	記憶から取り出す	retrieve	/rɪˈTRIːV/	記憶内の情報を検索して取り出す。	retrieval practiceが学習科学で重要。	We retrieve information from memory.	/wi rɪˈTRIːV ˌɪn.fɚˈMEɪ.ʃən frəm ˈMEM.ɚ.i/	learning	日常生活・一般	normal	1	2026-10-02
expr_0179	179	本気で	seriously	/ˈSɪR.i.əs.li/	真剣に。本気で。	for realはマジで、in earnestは本腰を入れて。	I’m seriously considering it.	/aɪm ˈSɪR.i.əs.li kənˈSɪD.ɚ.ɪŋ ɪt/	conversation	会話のつなぎ・リアクション	normal	1	2026-10-02
expr_0180	180	天ぷら	tempura	/temˈPʊR.ə/	英語でもtempuraで通じる。	batterは天ぷらの衣。	I had tempura for lunch.	/aɪ hæd temˈPʊR.ə fər ˈLʌNTʃ/	food	日常生活・一般	normal	1	2026-10-02
expr_0181	181	思ったより	than I expected	/ðən aɪ ɪkˈSPEK.tɪd/	事前予想より。	than I thoughtはより会話的。	It was harder than I expected.	/ɪt wəz ˈHɑːR.dɚ ðən aɪ ɪkˈSPEK.tɪd/	conversation	会話のつなぎ・リアクション	normal	1	2026-10-02
expr_0182	182	比較	as ... as	/æz ... æz/	同じくらい〜。	thanは差がある比較。	It wasn’t as difficult as I expected.	/ɪt ˈWʌZ.ənt æz ˈDɪF.ə.kəlt æz aɪ ɪkˈSPEK.tɪd/	grammar	日常生活・一般	normal	1	2026-10-02
expr_0183	183	略	stand for	/ˈSTÆND fər/	頭字語や略号が何を表すか。	be short forは短縮形。	ASD stands for autism spectrum disorder.	/ˌeɪ.esˈDIː ˈSTÆNDZ fər ˈɔː.tɪ.zəm ˈSPEK.trəm dɪsˈɔːR.dɚ/	vocab	日常生活・一般	normal	1	2026-10-02
expr_0184	184	好み	preference	/ˈPREF.ɚ.əns/	選択肢の中でどちらを好むか。	tasteは食・音楽・服などの嗜好。	Everyone has different preferences.	/ˈEV.ri.wʌn hæz ˈDɪF.ɚ.ənt ˈPREF.ɚ.ən.sɪz/	noun	日常生活・一般	normal	1	2026-10-02
expr_0185	185	嗜好	taste	/ˈTEɪST/	食べ物・音楽・服などの好みやセンス。	preferenceより感覚的。	We have similar tastes in music.	/wi hæv ˈSɪM.ə.lɚ ˈTEɪSTS ɪn ˈMJUː.zɪk/	noun	日常生活・一般	normal	1	2026-10-02
expr_0186	186	褒める	praise	/ˈPREɪZ/	努力・行動・能力を評価する。	complimentは素敵ですねと褒める。	I praised him for trying hard.	/aɪ ˈPREɪZD hɪm fər ˈTRAɪ.ɪŋ ˈHɑːRD/	education	学習・教育・研究	normal	1	2026-10-02
expr_0187	187	褒める	compliment	/ˈKɑːM.pləˌment/	服・髪型・料理などに好意的な言葉をかける。	praiseより社交的。	I complimented her on her presentation.	/aɪ ˈKɑːM.pləˌmen.tɪd hɚ ɑːn hɚ ˌprez.ənˈTEɪ.ʃən/	conversation	会話のつなぎ・リアクション	normal	1	2026-10-02
expr_0188	188	ある日	one day	/ˈWʌN ˌDEɪ/	過去のある特定の日、物語の導入。	one timeは会話のエピソード。	One day, I noticed something strange.	/ˈWʌN ˌDEɪ | aɪ ˈNOʊ.tɪst ˌSʌM.θɪŋ ˈSTREɪNDʒ/	conversation	会話のつなぎ・リアクション	normal	1	2026-10-02
expr_0189	189	先日	the other day	/ði ˈʌð.ɚ ˌDEɪ/	この前、数日前。会話的。	recentlyは最近という期間。	I saw him the other day.	/aɪ ˌSɔː hɪm ði ˈʌð.ɚ ˌDEɪ/	conversation	会話のつなぎ・リアクション	normal	1	2026-10-02
expr_0190	190	とりあえず	for now	/fər ˈNAʊ/	今のところは、ひとまず。	for the time beingはやや硬い。	This should be enough for now.	/ðɪs ʃəd bi ɪˈNʌF fər ˈNAʊ/	conversation	会話のつなぎ・リアクション	normal	1	2026-10-02
expr_0191	191	洗い物をする	do the dishes	/ˌDUː ðə ˈDɪʃ.ɪz/	皿洗いという家事全体。	wash the dishesは洗う動作。	I need to do the dishes.	/aɪ ˌNIːD tə ˌDUː ðə ˈDɪʃ.ɪz/	daily	日常生活・一般	normal	1	2026-10-02
expr_0192	192	日用品	household supplies	/ˈHAʊSˌhoʊld səˈPLAɪZ/	洗剤・ティッシュなど消耗品寄り。	household itemsは日用品全般。	I need to buy household supplies.	/aɪ ˌNIːD tə ˌBAɪ ˈHAʊSˌhoʊld səˈPLAɪZ/	daily	家・家事	normal	1	2026-10-02
expr_0193	193	ゴミ管理	take care of the trash	/ˌTEɪK ˈKER əv ðə ˈTRÆʃ/	家庭内でゴミ関連を担当する。	waste managementは行政・施設の廃棄物管理。	I usually take care of the trash.	/aɪ ˈJUː.ʒu.ə.li ˌTEɪK ˈKER əv ðə ˈTRÆʃ/	daily	家・家事	normal	1	2026-10-02
expr_0194	194	経験から分かった	I have found that ...	/aɪ həv ˈFAʊND ðæt/	これまでの経験から分かってきた。	I found thatは過去の具体的発見。	I have found that students respond better with time to think.	/aɪ həv ˈFAʊND ðæt ˈSTUː.dənts rɪˈSPɑːND ˈBET̬.ɚ wɪð ˈTAɪM tə ˈTHɪŋK/	grammar	日常生活・一般	normal	1	2026-10-02
expr_0195	195	ゆっくり着実に	slowly and surely	/ˈSLOʊ.li ən ˈʃʊR.li/	ゆっくりだが確実に。	steadilyと近い。	I’m improving slowly and surely.	/aɪm ɪmˈPRUː.vɪŋ ˈSLOʊ.li ən ˈʃʊR.li/	conversation	会話のつなぎ・リアクション	normal	1	2026-10-02
expr_0196	196	習慣がつく	get into the habit of	/ɡet ˈɪN.tuː ðə ˈHÆB.ɪt əv/	〜する習慣を身につける。	make a habit ofも近い。	I got into the habit of listening every morning.	/aɪ ˌɡɑːT ˈɪN.tuː ðə ˈHÆB.ɪt əv ˈLɪS.ən.ɪŋ ˈEV.ri ˈMɔːR.nɪŋ/	learning	日常生活・一般	normal	1	2026-10-02
expr_0197	197	実際には	as it turns out	/æz ɪt ˈTɝːNZ ˈAʊT/	ふたを開けてみると。予想とのズレ。	actuallyより展開の変化がある。	As it turns out, he was right.	/æz ɪt ˈTɝːNZ ˈAʊT | hi wəz ˈRAɪT/	conversation	会話のつなぎ・リアクション	normal	1	2026-10-02
expr_0198	198	流れに任せる	go with the flow	/ˌɡOʊ wɪð ðə ˈFLOʊ/	細かく計画せず状況に合わせる。	wing itは準備なしで即興。	Let’s just go with the flow.	/lets dʒʌst ˌɡOʊ wɪð ðə ˈFLOʊ/	conversation	会話のつなぎ・リアクション	normal	1	2026-10-02
expr_0199	199	とはいえ	that being said	/ˌÐÆT ˌBIː.ɪŋ ˈSED/	直前を認めつつ別の面を述べる。	howeverより会話的。	That being said, we still need to prepare.	/ˌÐÆT ˌBIː.ɪŋ ˈSED | wi stɪl ˌNIːD tə prɪˈPER/	discourse	日常生活・一般	normal	1	2026-10-02
expr_0200	200	本題ではない	That’s beside the point.	/ðæts bɪˈSAɪD ðə ˈPɔɪNT/	それは論点とずれている。	少し強めなので注意。	That’s beside the point.	/ðæts bɪˈSAɪD ðə ˈPɔɪNT/	conversation	会話のつなぎ・リアクション	normal	1	2026-10-02
expr_0201	201	絶好調	be on a roll	/bi ɑːn ə ˈROʊL/	成功や作業が続いて勢いに乗る。	doing wellより勢いがある。	I’m on a roll today.	/aɪm ɑːn ə ˈROʊL təˈDEɪ/	conversation	会話のつなぎ・リアクション	normal	1	2026-10-02
expr_0202	202	前もって	ahead of time	/əˈHED əv ˈTAɪM/	必要な時刻より前に。	in advanceより会話的。	Please send it ahead of time.	/pliːz ˌSEND ɪt əˈHED əv ˈTAɪM/	work	仕事・組織	normal	1	2026-10-02
expr_0203	203	何か特別なものがある	There’s something about ...	/ðerz ˈSʌM.θɪŋ əˈBAʊT/	うまく言語化できない魅力・違和感。	I like itより余韻がある。	There’s something about this place.	/ðerz ˈSʌM.θɪŋ əˈBAʊT ðɪs ˈPLEɪS/	conversation	会話のつなぎ・リアクション	normal	1	2026-10-02
expr_0204	204	そういえば	come to think of it	/ˌKʌM tə ˈTHɪŋK əv ɪt/	話の途中で思い出す。	speaking ofは話題から連想。	Come to think of it, I met him yesterday.	/ˌKʌM tə ˈTHɪŋK əv ɪt | aɪ ˌMET hɪm ˈJES.tɚ.deɪ/	conversation	会話のつなぎ・リアクション	normal	1	2026-10-02
expr_0205	205	甘やかされる	be spoiled	/bi ˈSPɔɪLD/	よくしてもらう、または甘やかされる。	spoiled childはネガティブ。	I was really spoiled on my birthday.	/aɪ wəz ˈRɪL.i ˈSPɔɪLD ɑːn maɪ ˈBɝːθ.deɪ/	conversation	会話のつなぎ・リアクション	normal	1	2026-10-02
expr_0206	206	風で揺れる	sway in the wind	/ˈSWEɪ ɪn ðə ˈWɪND/	木や草がゆっくり左右に揺れる。	flutterは葉・旗がひらひら。	The trees are swaying in the wind.	/ðə ˈTRIːZ ɑːr ˈSWEɪ.ɪŋ ɪn ðə ˈWɪND/	nature	日常生活・一般	normal	1	2026-10-02
expr_0207	207	強化・向上	enhancement	/ɪnˈHÆNS.mənt/	既存の質・性能を高める。	advancementは段階が前に進む。	The program aims at skill enhancement.	/ðə ˈPROʊ.ɡræm ˈEɪMZ ət ˈSKɪL ɪnˈHÆNS.mənt/	academic	学習・教育・研究	normal	1	2026-10-02
expr_0208	208	進歩・発展	advancement	/ədˈVÆNS.mənt/	分野・技術・キャリアが前進する。	enhancementは質の向上。	Recent advancements in AI are remarkable.	/ˈRIː.sənt ədˈVÆNS.mənts ɪn ˌeɪˈAɪ ɑːr rɪˈMɑːR.kə.bəl/	academic	学習・教育・研究	normal	1	2026-10-02
expr_0209	209	高齢者	older adult	/ˌOʊL.dɚ əˈDʌLT/	医療・研究で尊重的な高齢者表現。	elderlyは古くラベル化しやすい。	This program is designed for older adults.	/ðɪs ˈPROʊ.ɡræm ɪz dɪˈZAɪND fər ˌOʊL.dɚ əˈDʌLTS/	medical	医療・診療	normal	1	2026-10-02
expr_0210	210	状況	situation	/ˌsɪtʃ.uˈEɪ.ʃən/	今そこにある事態全体。	circumstancesは周辺事情。	It’s a difficult situation.	/ɪts ə ˈDɪF.ə.kəlt ˌsɪtʃ.uˈEɪ.ʃən/	noun	日常生活・一般	normal	1	2026-10-02
expr_0211	211	事情	circumstances	/ˈSɝː.kəmˌstæn.sɪz/	判断に影響する取り巻く条件。	situationより背景条件。	Given the circumstances, it was reasonable.	/ˈɡɪV.ən ðə ˈSɝː.kəmˌstæn.sɪz | ɪt wəz ˈRIː.zən.ə.bəl/	noun	日常生活・一般	normal	1	2026-10-02
expr_0212	212	発見する	discover	/dɪˈSKʌV.ɚ/	知らなかったものを見つける。	uncoverは隠れていたものを明らかに。	Researchers discovered a new mechanism.	/rɪˈSɝː.tʃɚz dɪˈSKʌV.ɚd ə ˌNUː ˈMEK.əˌnɪz.əm/	academic	学習・教育・研究	normal	1	2026-10-02
expr_0213	213	明らかにする	uncover	/ʌnˈKʌV.ɚ/	隠れていた問題・パターンを表に出す。	discoverより調査で掘り起こす感じ。	The study uncovered hidden assumptions.	/ðə ˈSTʌD.i ʌnˈKʌV.ɚd ˈHɪD.ən əˈSʌMP.ʃənz/	academic	学習・教育・研究	normal	1	2026-10-02
expr_0214	214	統合する	integrate	/ˈɪN.təˌɡreɪt/	要素を機能する全体に組み込む。	mergeは境界が消えて一つになる、connectは線でつなぐ。	We integrated feedback into the curriculum.	/wi ˈɪN.təˌɡreɪ.tɪd ˈFIːDˌbæk ˈɪN.tuː ðə kəˈRɪK.jə.ləm/	academic	学習・教育・研究	normal	1	2026-10-02
expr_0215	215	合併・融合する	merge	/ˈMɝːDʒ/	別々のものが一つになる。	integrateは機能的に組み込む。	We merged the two files into one.	/wi ˈMɝːDʒD ðə ˌTUː ˈFAɪLZ ˈɪN.tuː ˈWʌN/	work	仕事・組織	normal	1	2026-10-02
expr_0216	216	全体	whole	/ˈHOʊL/	部分ではなく全体ひとまとまり。	entiretyは欠かさず全部。	I read the whole report.	/aɪ ˌRED ðə ˌHOʊL rɪˈPɔːRT/	noun	日常生活・一般	normal	1	2026-10-02
expr_0217	217	全体・全容	entirety	/ɪnˈTAɪɚ.ə.ti/	一部分も欠けない全体。フォーマル。	in its entiretyの形が多い。	I read the report in its entirety.	/aɪ ˌRED ðə rɪˈPɔːRT ɪn ɪts ɪnˈTAɪɚ.ə.ti/	academic	学習・教育・研究	normal	1	2026-10-02
expr_0218	218	イラッとさせる	annoy	/əˈNɔɪ/	うっとうしくてイラッとさせる。	irritateは神経に触る・身体刺激も。	That really annoys me.	/ðæt ˈRɪL.i əˈNɔɪZ mi/	emotion	日常生活・一般	normal	1	2026-10-02
expr_0219	219	苛立たせる	irritate	/ˈɪR.əˌteɪt/	感情や皮膚などを刺激して苛立たせる。	annoyより少し硬く強い。	This soap irritates my skin.	/ðɪs ˈSOʊP ˈɪR.əˌteɪTS maɪ ˈSKɪN/	emotion	日常生活・一般	normal	1	2026-10-02
expr_0220	220	気になる・困らせる	bother	/ˈBɑː.ðɚ/	快適さ・集中を少し乱す。	afflictは深刻に苦しめる。	Does your shoulder still bother you?	/dʌz jɚ ˈʃOʊL.dɚ stɪl ˈBɑː.ðɚ ju/	medical	医療・診療	normal	1	2026-10-02
expr_0221	221	苦しめる	afflict	/əˈFLɪKT/	病気・災難が長く深く苦しめる。フォーマル。	botherとは強さが違う。	The disease afflicts many people.	/ðə dɪˈZIːZ əˈFLɪKTS ˈMEN.i ˈPIː.pəl/	academic	学習・教育・研究	normal	1	2026-10-02
expr_0222	222	遺伝的	genetic	/dʒəˈNET.ɪk/	遺伝に関係する。会話で便利。	heredityは遺伝現象で硬い。	It might be genetic.	/ɪt maɪt bi dʒəˈNET.ɪk/	medical	医療・診療	normal	1	2026-10-02
expr_0223	223	遺伝子	gene	/ˈDʒIːN/	遺伝子そのもの。	in one's genesで遺伝っぽい。	It might be in his genes.	/ɪt maɪt bi ɪn hɪz ˈDʒIːNZ/	medical	医療・診療	normal	1	2026-10-02
expr_0224	224	めちゃくちゃ	mess	/ˈMES/	散らかり、混乱、ボロボロな状態。	mess upは失敗する。	This room is a mess.	/ðɪs ˈRUːM ɪz ə ˈMES/	conversation	会話のつなぎ・リアクション	normal	1	2026-10-02
expr_0225	225	からかう	mess with	/ˈMES wɪð/	からかう・ちょっかいを出す。	teaseは純粋にからかう。	Are you messing with me?	/ɑːr ju ˈMES.ɪŋ wɪð mi/	conversation	会話のつなぎ・リアクション	normal	1	2026-10-02
expr_0226	226	数え切れないほど	countless	/ˈKAʊNT.ləs/	数え切れないほど多い。	so manyはより会話的。	I’ve told him countless times.	/aɪv ˌTOʊLD hɪm ˈKAʊNT.ləs ˈTAɪMZ/	adjective	人・感情・評価	normal	1	2026-10-02
expr_0227	227	至るところにある	ubiquitous	/juːˈBɪK.wə.təs/	どこにでもある。やや知的・フォーマル。	everywhereの方が会話的。	Smartphones have become ubiquitous.	/ˈSMɑːRTˌfoʊnz həv bɪˈKʌM juːˈBɪK.wə.təs/	academic	学習・教育・研究	normal	1	2026-10-02
expr_0228	228	全体像・勢力図	landscape	/ˈLÆNDˌskeɪp/	分野全体の構造・動向を俯瞰したもの。	fieldは専門分野そのもの。	I came to understand the medical education landscape.	/aɪ ˌKEɪM tə ˌʌn.dɚˈSTÆND ðə ˈMED.ɪ.kəl ˌEDʒ.əˈKEɪ.ʃən ˈLÆNDˌskeɪp/	academic	学習・教育・研究	normal	1	2026-10-02
expr_0229	229	有害な	damaging	/ˈDÆM.ɪ.dʒɪŋ/	実際に害や損傷を与える。	hazardousは危険をはらむ。	Smoking is damaging to your lungs.	/ˈSMOʊ.kɪŋ ɪz ˈDÆM.ɪ.dʒɪŋ tə jɚ ˈLʌŋZ/	adjective	人・感情・評価	normal	1	2026-10-02
expr_0230	230	危険性のある	hazardous	/ˈHÆZ.ɚ.dəs/	事故・健康被害のリスクがある。	dangerousより安全管理・警告向き。	Working with this chemical can be hazardous.	/ˈWɝː.kɪŋ wɪð ðɪs ˈKEM.ɪ.kəl kən bi ˈHÆZ.ɚ.dəs/	adjective	人・感情・評価	normal	1	2026-10-02
expr_0231	231	多岐にわたる	manifold	/ˈMÆN.əˌfoʊld/	数も種類も多い。フォーマル。	日常ではmany differentやall kinds of。	The benefits are manifold.	/ðə ˈBEN.ə.fɪts ɑːr ˈMÆN.əˌfoʊld/	academic	学習・教育・研究	normal	1	2026-10-02
expr_0232	232	朝早くから	bright and early	/ˌBRAɪT ən ˈɝː.li/	朝早く、しゃきっと活動開始。	early morningは時間帯。	We left bright and early.	/wi ˌLEFT ˌBRAɪT ən ˈɝː.li/	conversation	会話のつなぎ・リアクション	normal	1	2026-10-02
expr_0233	233	文句なしに	hands down	/ˌHÆNDZ ˈDAʊN/	圧倒的に、明らかに。評価表現の前に置く。	by farに近く口語的。	This is hands down the best option.	/ðɪs ɪz ˌHÆNDZ ˈDAʊN ðə ˌBEST ˈɑːP.ʃən/	conversation	会話のつなぎ・リアクション	normal	1	2026-10-02
expr_0234	234	単純化しすぎる	dumb down	/ˌDʌM ˈDAʊN/	知的レベルを下げる。見下しニュアンスあり。	break downはかみ砕いて説明。	We shouldn’t dumb it down too much.	/wi ˌʃʊD.ənt ˌDʌM ɪt ˈDAʊN tuː ˈMʌTʃ/	education	学習・教育・研究	normal	1	2026-10-02
expr_0235	235	ぶっつけ本番でやる	wing it	/ˌWɪŋ ˈɪT/	準備不足のまま即興で乗り切る。	on the flyは進行中にその場で調整。	I didn’t prepare, so I just winged it.	/aɪ ˌDɪD.ənt prɪˈPER | soʊ aɪ dʒʌst ˌWɪŊD ˈɪT/	conversation	会話のつなぎ・リアクション	normal	1	2026-10-02
expr_0236	236	その場で	on the fly	/ɑːn ðə ˈFLAɪ/	進行中にリアルタイムで判断・変更。	wing itより準備不足とは限らない。	I changed the plan on the fly.	/aɪ ˌTʃEɪNDʒD ðə ˈPLÆN ɑːn ðə ˈFLAɪ/	conversation	会話のつなぎ・リアクション	normal	1	2026-10-02
expr_0237	237	多少前後	give or take	/ˌɡɪV ɔːr ˈTEɪK/	基準値から少し前後する。	about/aroundは単純な約。	It takes thirty minutes, give or take.	/ɪt ˌTEɪKS ˈTHɝː.ti ˈMɪN.ɪts | ˌɡɪV ɔːr ˈTEɪK/	conversation	会話のつなぎ・リアクション	normal	1	2026-10-02
expr_0238	238	ほぼ	pretty much	/ˌPRɪT.i ˈMʌTʃ/	質問への返答や要約で「ほぼそう・だいたいそう」と言う。	Kind of. は部分的な Yes、Pretty much. は細部を除けばほぼ Yes。	That’s pretty much it.	/ðæts ˌPRɪT̬.i ˈMʌTʃ ɪt/	conversation	会話のつなぎ・リアクション	normal	1	2026-10-02
expr_0239	239	壁にぶつかる	hit a wall	/ˌHɪT ə ˈWɔːL/	進んでいたのに限界や障害にぶつかる。	be stuckは今進めない状態。	I feel like I’ve hit a wall.	/aɪ ˌFIːL laɪk aɪv ˌHɪT ə ˈWɔːL/	conversation	会話のつなぎ・リアクション	normal	1	2026-10-02
expr_0240	240	行き詰まる	be stuck	/bi ˈSTʌK/	今、動けず先へ進めない。	hit a wallは壁にぶつかった出来事。	I’m stuck on this question.	/aɪm ˈSTʌK ɑːn ðɪs ˈKWES.tʃən/	conversation	会話のつなぎ・リアクション	normal	1	2026-10-02
expr_0241	241	早めに	sooner rather than later	/ˌSUː.nɚ ˌRÆð.ɚ ðən ˈLEɪ.tɚ/	先延ばしせず早めに。	as soon as possibleは至急。	We should decide sooner rather than later.	/wi ʃəd dɪˈSAɪD ˌSUː.nɚ ˌRÆð.ɚ ðən ˈLEɪ.tɚ/	work	仕事・組織	normal	1	2026-10-02
expr_0242	242	できるだけ早く	as soon as possible	/æz ˌSUːN æz ˈPɑː.sə.bəl/	可能な限り最短で。	sooner rather than laterより緊急。	Please reply as soon as possible.	/pliːz rɪˈPLAɪ æz ˌSUːN æz ˈPɑː.sə.bəl/	work	仕事・組織	normal	1	2026-10-02
expr_0243	243	噂で聞いた	I heard a rumor that ...	/aɪ ˌHɝːD ə ˈRUː.mɚ ðæt/	噂として聞いたことを明示。	I heard thatは単に聞いた。	I heard a rumor that she’s leaving.	/aɪ ˌHɝːD ə ˈRUː.mɚ ðæt ʃiz ˈLIː.vɪŋ/	conversation	会話のつなぎ・リアクション	normal	1	2026-10-02
expr_0244	244	人づてに聞いた	hear through the grapevine	/ˌHɪR θruː ðə ˈɡREɪP.vaɪn/	非公式な人づてで耳に入る。	rumorは情報自体が噂。	I heard through the grapevine that you’re moving.	/aɪ ˌHɝːD θruː ðə ˈɡREɪP.vaɪn ðæt jɚ ˈMUː.vɪŋ/	idiom	会話のつなぎ・リアクション	normal	1	2026-10-02
expr_0245	245	武器	weapon	/ˈWEP.ən/	個々の武器・武器という一般概念。	armsは軍事的な武器類を集合的に。	The knife was used as a weapon.	/ðə ˈNAɪF wəz ˈJUːZD æz ə ˈWEP.ən/	noun	日常生活・一般	normal	1	2026-10-02
expr_0246	246	武器類	arms	/ˈɑːRMZ/	軍事・外交で武器類を集合的に指す。	weaponより政策・軍事。	They supplied arms to the rebels.	/ðeɪ səˈPLAɪD ˈɑːRMZ tə ðə ˈREB.əlz/	noun	日常生活・一般	normal	1	2026-10-02
expr_0247	247	徐々に	gradually	/ˈɡRÆDʒ.u.ə.li/	時間とともになだらかに変わる。	incrementallyは小さな段階を積む。	My English is gradually improving.	/maɪ ˈɪŋ.ɡlɪʃ ɪz ˈɡRÆDʒ.u.ə.li ɪmˈPRUː.vɪŋ/	adverb	日常生活・一般	normal	1	2026-10-02
expr_0248	248	段階的に	incrementally	/ˌɪn.krəˈMEN.təl.i/	小さな単位を積み重ねる。	graduallyより階段的。	We improved the program incrementally.	/wi ɪmˈPRUːVD ðə ˈPROʊ.ɡræm ˌɪn.krəˈMEN.təl.i/	academic	学習・教育・研究	normal	1	2026-10-02
expr_0249	249	職人	artisan	/ˈɑːr.tə.zən/	小規模・手仕事・高品質の作り手。	craftspersonは技能に焦点。	They sell artisan bread.	/ðeɪ ˌSEL ˈɑːr.tə.zən ˈBRED/	noun	日常生活・一般	normal	1	2026-10-02
expr_0250	250	職人気質	a craftsman’s mindset	/ə ˈKRÆFTS.mənz ˈMAɪNDˌset/	質・細部・完成度にこだわる姿勢。	particular about his workも会話で自然。	He has a craftsman’s mindset.	/hi hæz ə ˈKRÆFTS.mənz ˈMAɪNDˌset/	work	仕事・組織	normal	1	2026-10-02
expr_0251	251	余分な	extra	/ˈEK.strə/	基本量に加えてもう一つ。中立。	excessは必要量を超える。	Do you have an extra towel?	/du ju hæv ən ˈEK.strə ˈTAʊ.əl/	daily	日常生活・一般	normal	1	2026-10-02
expr_0252	252	過剰な	excess	/ˈEK.ses/	必要量・基準を超えた分。	extraより過多のニュアンス。	Excess water drains away.	/ˈEK.ses ˈWɔː.tɚ ˌDREɪNZ əˈWEɪ/	academic	学習・教育・研究	normal	1	2026-10-02
expr_0253	253	不要な	superfluous	/suːˈPɝː.flu.əs/	なくても意味が保たれる余計なもの。硬い。	unnecessaryより文章添削向き。	The sentence contains superfluous words.	/ðə ˈSEN.təns kənˈTEɪNZ suːˈPɝː.flu.əs ˈWɝːDZ/	academic	学習・教育・研究	normal	1	2026-10-02
expr_0254	254	冗長な	redundant	/rɪˈDʌN.dənt/	重複しているため余計。	superfluousは重複以外の不要にも。	This paragraph is redundant.	/ðɪs ˈPER.əˌɡræf ɪz rɪˈDʌN.dənt/	academic	学習・教育・研究	normal	1	2026-10-02
expr_0255	255	偉業	feat	/ˈFIːT/	難しいことを成し遂げたすごさ。	achievementより偉業感。	Raising three kids is no small feat.	/ˈREɪ.zɪŋ ˌTHRIː ˈKɪDZ ɪz ˌNOʊ ˌSMɔːL ˈFIːT/	noun	日常生活・一般	normal	1	2026-10-02
expr_0256	256	息をのむほど	stunning	/ˈSTʌN.ɪŋ/	見た瞬間ハッとするほど美しい・すごい。	beautifulより強い。strikingは目を引く。	The view was stunning.	/ðə ˈVJUː wəz ˈSTʌN.ɪŋ/	adjective	人・感情・評価	normal	1	2026-10-02
expr_0257	257	酔っている	drunk	/ˈDRʌŋK/	普通の酔っている。	wastedはベロベロ。	I was pretty drunk last night.	/aɪ wəz ˈPRɪT.i ˈDRʌŋK læst ˈNAɪT/	conversation	会話のつなぎ・リアクション	normal	1	2026-10-02
expr_0258	258	泥酔した	wasted	/ˈWEɪ.stɪd/	かなり泥酔・ベロベロ。	drunkよりずっと強い。	He was completely wasted.	/hi wəz kəmˈPLIːT.li ˈWEɪ.stɪd/	conversation	会話のつなぎ・リアクション	normal	1	2026-10-02
expr_0259	259	大げさ	drama queen	/ˈDRɑː.mə ˌKWIːN/	大げさに騒ぐ人。男性にも使えるが茶化し。	Don’t be so dramaticの方が安全。	Don’t be such a drama queen.	/ˌDOʊNT bi sʌtʃ ə ˈDRɑː.mə ˌKWIːN/	conversation	会話のつなぎ・リアクション	normal	1	2026-10-02
expr_0260	260	よく考える	think it over	/ˌTHɪŋK ɪt ˈOʊ.vɚ/	決断前にじっくり考える。	think it throughは筋道立てて最後まで。	Let me think it over.	/let mi ˌTHɪŋK ɪt ˈOʊ.vɚ/	thinking	日常生活・一般	normal	1	2026-10-02
expr_0261	261	よく考える	think it through	/ˌTHɪŋK ɪt ˈTHRUː/	結果まで筋道立てて考える。	think it overよりプロセス重視。	We need to think this through.	/wi ˌNIːD tə ˌTHɪŋK ðɪs ˈTHRUː/	thinking	日常生活・一般	normal	1	2026-10-02
expr_0262	262	生地	dough	/ˈDOʊ/	こねられる固めの生地。	batterは液状・流せる生地。	I made the dumpling dough from scratch.	/aɪ ˌMEɪD ðə ˈDʌM.plɪŋ ˈDOʊ frəm ˈSKRÆTʃ/	food	料理・食事	normal	1	2026-10-02
expr_0263	263	生地	batter	/ˈBÆT.ɚ/	ホットケーキ・天ぷらなど液状の生地。	doughは固め。	Mix the tofu into the batter.	/ˌMɪKS ðə ˈTOʊ.fuː ˈɪN.tuː ðə ˈBÆT.ɚ/	food	料理・食事	normal	1	2026-10-02
expr_0264	264	餃子の皮	dumpling wrapper	/ˈDʌM.plɪŋ ˈRÆP.ɚ/	餃子などの一枚一枚の皮。	doughは皮にする前の生地。	Roll out the dough and cut it into wrappers.	/ˌROʊL ˈAʊT ðə ˈDOʊ ən ˌKʌT ɪt ˈɪN.tuː ˈRÆP.ɚz/	food	料理・食事	normal	1	2026-10-02
expr_0265	265	お菓子	snacks	/ˈSNÆKS/	お菓子・軽食全般。	sweetsは甘いもの寄り。	Do you want a snack?	/du ju ˌWɑːNT ə ˈSNÆK/	food	料理・食事	normal	1	2026-10-02
expr_0266	266	甘いもの	sweets	/ˈSWIːTS/	甘いお菓子。英国寄りだが通じる。	something sweetも自然。	He has a sweet tooth.	/hi hæz ə ˌSWIːT ˈTUːTH/	food	日常生活・一般	normal	1	2026-10-02
expr_0267	267	ど忘れした	It slipped my mind.	/ɪt ˌSLɪPT maɪ ˈMAɪND/	予定ややることをうっかり忘れた。	blanked onは名前・単語が出ない。	It completely slipped my mind.	/ɪt kəmˈPLIːT.li ˌSLɪPT maɪ ˈMAɪND/	conversation	会話のつなぎ・リアクション	normal	1	2026-10-02
expr_0268	268	ど忘れした	blank on	/ˈBLÆŋK ɑːn/	名前・単語・答えが一瞬出てこない。	slip my mindは予定忘れ。	I blanked on his name.	/aɪ ˈBLÆŋKT ɑːn hɪz ˈNEɪM/	conversation	会話のつなぎ・リアクション	normal	1	2026-10-02
expr_0269	269	総称	umbrella term	/ʌmˈBREL.ə ˌTɝːM/	複数概念をまとめる上位語。	generic termは一般名称。	Neurodiversity is an umbrella term.	/ˌnʊr.oʊ.daɪˈVɝː.sə.ti ɪz ən ʌmˈBREL.ə ˌTɝːM/	academic	学習・教育・研究	normal	1	2026-10-02
expr_0270	270	要点	gist	/ˈDʒɪST/	細部を抜いた大意・要点。	main pointは一番大事な論点。	I didn’t understand every word, but I got the gist.	/aɪ ˌDɪD.ənt ˌʌn.dɚˈSTÆND ˈEV.ri ˈWɝːD | bət aɪ ˌɡɑːT ðə ˈDʒɪST/	conversation	会話のつなぎ・リアクション	normal	1	2026-10-02
expr_0271	271	バスに乗り込む	get on the bus	/ˌɡET‿ɑːn ðə ˈBʌS/	物理的にバスへ乗り込む。	take the busは交通手段として利用、catch the busは乗り遅れずつかまえる。	We got on the bus together.	/wi ˌɡɑːT‿ɑːn ðə ˈBʌS təˈɡEð.ɚ/	daily	移動・旅行	normal	1	2026-10-02
expr_0272	272	バスを利用する	take the bus	/ˌTEɪK ðə ˈBʌS/	交通手段としてバスを使う。	get onは乗車動作、rideは乗って移動すること。	I usually take the bus.	/aɪ ˌJUː.ʒu.ə.li ˌTEɪK ðə ˈBʌS/	daily	移動・旅行	normal	1	2026-10-02
expr_0273	273	履き物	footwear	/ˈFʊTˌwer/	靴・サンダルなど履き物の総称。	日常では具体的に shoes が自然なことが多い。	Please remove your footwear.	/pliːz rɪˌMUːV jɚ ˈFʊTˌwer/	daily	家・家事	normal	1	2026-10-02
expr_0274	274	クッション	cushion	/ˈKʊʃ.ən/	椅子・ソファなどのクッション。	pillowは主に寝るとき頭の下に置く枕。	Put a cushion on the chair.	/ˌPʊT‿ə ˈKʊʃ.ən ɑːn ðə ˈTʃER/	daily	家・家事	normal	1	2026-10-02
expr_0275	275	弁当	packed lunch	/ˌPÆKT ˈLʌNTʃ/	家から持参する昼食。	bentoは日本式の弁当、日常では単に lunch も自然。	I packed a lunch for him.	/aɪ ˌPÆKT‿ə ˈLʌNTʃ fər‿ɪm/	daily	料理・食事	normal	1	2026-10-02
expr_0276	276	弁当箱	lunch box	/ˈLʌNTʃ ˌBɑːKS/	弁当を入れる容器。	packed lunchは中身の食事。	I washed his lunch box.	/aɪ ˌWɑːʃT hɪz ˈLʌNTʃ ˌBɑːKS/	daily	料理・食事	normal	1	2026-10-02
expr_0277	277	マット／マットレス	mat / mattress	/ˈMÆT/ /ˈMÆT.rəs/	matは薄い敷物、mattressは厚い寝具。	厚みと用途で区別。	The mat is next to the mattress.	/ðə ˌMÆT‿ɪz ˌNEKST tə ðə ˈMÆT.rəs/	daily	家・家事	normal	1	2026-10-02
expr_0278	278	結果まで責任を持つこと	accountability	/əˌkaʊn.təˈBɪL.ə.t̬i/	説明責任・結果への責任、やり遂げる仕組み。	responsibilityは担当・責任そのもの。	An accountability partner keeps me on track.	/ən əˌkaʊn.təˈBɪL.ə.t̬i ˌPɑːRT.nɚ ˌKIːPS mi ɑːn ˈTRÆK/	work	仕事・組織	normal	1	2026-10-02
expr_0279	279	当たり外れがある	hit or miss	/ˌHɪT ɔːr ˈMɪS/	うまくいく時といかない時があり安定しない。	inconsistentはより中立・フォーマル。	The results are hit or miss.	/ðə rɪˌZʌLTS ɑr ˌHɪT ɔːr ˈMɪS/	conversation	会話のつなぎ・リアクション	normal	1	2026-10-02
expr_0280	280	ケチだ	I'm cheap.	/aɪm ˈTʃIːP/	自分はお金を使いたがらない、という自虐的表現。	frugalは肯定的、stingyは強く否定的。	I buy used things because I'm cheap.	/aɪ ˌBAɪ ˈJUːZD ˌTHɪŊZ bɪˌKɔːZ aɪm ˈTʃIːP/	conversation	会話のつなぎ・リアクション	normal	1	2026-10-02
expr_0281	281	偶然見つける	come across	/ˌKʌM əˈKRɔːS/	偶然、情報・物・人などに出会う。	come across as は「〜という印象を与える」。	I came across this expression yesterday.	/aɪ ˌKEɪM əˈKRɔːS ðɪs ɪkˌSPREʃ.ən ˈJES.tɚ.deɪ/	conversation	会話のつなぎ・リアクション	normal	1	2026-10-02
expr_0282	282	最近ずっと	lately	/ˈLEɪT.li/	最近の期間に続く傾向・状態。	recentlyは最近の出来事にも使いやすい。	I've been really busy lately.	/aɪv bɪn ˌRɪL.i ˈBɪZ.i ˌLEɪT.li/	time	時間・日課	normal	1	2026-10-02
expr_0283	283	最近	recently	/ˈRIː.sənt.li/	近い過去の出来事・変化。	latelyは現在まで続く傾向に向く。	I recently started a new routine.	/aɪ ˌRIː.sənt.li ˌSTɑːR.tɪd‿ə ˌNUː ruːˈTIːN/	time	時間・日課	normal	1	2026-10-02
expr_0284	284	程度の問題	a matter of degree	/ə ˌMÆT̬.ɚ‿əv dɪˈɡRIː/	有無ではなく程度の違いだと示す。	difference in degree も使える。	It's really a matter of degree.	/ɪts ˌRɪL.i‿ə ˌMÆT̬.ɚ‿əv dɪˈɡRIː/	academic	学習・教育・研究	normal	1	2026-10-02
expr_0285	285	双方向性のやり取り	back-and-forth interaction	/ˌBÆK‿ən ˈFɔːRθ ˌɪn.t̬ɚˈÆK.ʃən/	互いに反応を返し合うやり取り。	two-way communicationは一方向との対比、reciprocal interactionはより専門的。	Children learn through back-and-forth interactions.	/ˈTʃɪL.drən ˌLɝːN θruː ˌBÆK‿ən ˈFɔːRθ ˌɪn.t̬ɚˈÆK.ʃənz/	education	学習・教育・研究	normal	1	2026-10-02
expr_0286	286	自分を育ててくれる経験	an experience that helps me grow	/ən ɪkˈSPɪR.i.əns ðət ˌHELPS mi ˈɡROʊ/	自分を成長させてくれる経験。	grow as a personなら人間的成長を明示。	I see this as an experience that will help me grow.	/aɪ ˌSIː ðɪs‿əz‿ən ɪkˈSPɪR.i.əns ðət wəl ˌHELP mi ˈɡROʊ/	conversation	会話のつなぎ・リアクション	normal	1	2026-10-02
expr_0287	287	手がかりから分かる	can tell	/kən ˈTEL/	見聞きした手がかりから判断して分かる。	seeは見えて認識、tellは判断・見分け。	I can tell that you're tired.	/aɪ kən ˌTEL ðət jɚ ˈTAɪɚD/	conversation	会話のつなぎ・リアクション	normal	1	2026-10-02
expr_0288	288	見分ける	tell A from B / tell apart	/ˌTEL ˈEɪ frəm ˈBIː/ /ˌTEL əˈPɑːRT/	違いを判別する。	can tell which... も便利。	Can you tell them apart?	/kən ju ˌTEL ðəm əˈPɑːRT/	conversation	会話のつなぎ・リアクション	normal	1	2026-10-02
expr_0289	289	これは言っておきたい	I must say ...	/aɪ ˈMʌST ˌSEɪ/	感想・評価を少し強調して述べる。	I have to say はより会話的、to be honest は本音を強調。	I must say, I was really impressed.	/aɪ ˈMʌST ˌSEɪ | aɪ wəz ˌRɪL.i ɪmˈPREST/	conversation	会話のつなぎ・リアクション	normal	1	2026-10-02
expr_0290	290	今となっては	looking back / now	/ˌLʊK.ɪŋ ˈBÆK/ /ˈNAʊ/	現在から過去を振り返る、または昔との対比で今を述べる。	looking backは振り返りを明示。	Looking back, I think it was a good decision.	/ˌLʊK.ɪŋ ˈBÆK | aɪ ˌTHɪŊK‿ɪt wəz‿ə ˌɡʊD dɪˈSɪʒ.ən/	time	時間・日課	normal	1	2026-10-02
expr_0291	291	今やもう	now / these days	/ˈNAʊ/ /ˈÐIːZ ˌDEɪZ/	昔とは違う現在の状態・傾向。	nowは現在、these daysは最近の傾向。	Now it feels natural.	/ˌNAʊ‿ɪt ˌFIːLZ ˈNÆTʃ.ɚ.əl/	time	時間・日課	normal	1	2026-10-02
expr_0292	292	今のところ	for now / so far	/fɚ ˈNAʊ/ /ˌSOʊ ˈFɑːR/	for nowは当面、so farはここまでの経過。	将来変更の可能性 vs 現在までの実績。	So far, everything is going well.	/ˌSOʊ ˈFɑːR | ˈEV.riˌθɪŋ‿ɪz ˌɡOʊ.ɪŋ ˈWEL/	time	時間・日課	normal	1	2026-10-02
expr_0293	293	今までは	until now / up to now	/ənˌTɪL ˈNAʊ/ /ˌʌP tə ˈNAʊ/	過去から現在まで。	文脈によっては so far の方が自然。	Until now, I've mostly studied on my own.	/ənˌTɪL ˈNAʊ | aɪv ˌMOʊST.li ˌSTʌD.id‿ɑːn maɪ ˈOʊN/	time	時間・日課	normal	1	2026-10-02
expr_0294	294	突然・前触れなく	out of the blue	/ˌAʊT‿əv ðə ˈBLUː/	予想していなかったことが突然起きる。	out of nowhereは突然の出現感が強い。	She texted me out of the blue.	/ʃi ˌTEKS.tɪd mi ˌAʊT‿əv ðə ˈBLUː/	idiom	会話のつなぎ・リアクション	normal	1	2026-10-02
expr_0295	295	在庫切れ	out of stock	/ˌAʊT‿əv ˈSTɑːK/	商品が在庫切れで買えない。	店舗・通販で定番。	It's out of stock right now.	/ɪts ˌAʊT‿əv ˈSTɑːK raɪt ˈNAʊ/	daily	日常生活・一般	normal	1	2026-10-02
expr_0296	296	故障中	out of order	/ˌAʊT‿əv ˈɔːR.dɚ/	機械・設備が故障して使えない。	文字通り順序が乱れている意味もある。	The elevator is out of order.	/ði ˈEL.əˌveɪ.t̬ɚ‿ɪz ˌAʊT‿əv ˈɔːR.dɚ/	daily	日常生活・一般	normal	1	2026-10-02
expr_0297	297	論外・あり得ない	out of the question	/ˌAʊT‿əv ðə ˈKWES.tʃən/	選択肢として完全にあり得ない。	かなり強い否定。	Quitting now is out of the question.	/ˌKWɪT̬.ɪŋ ˌNAʊ‿ɪz ˌAʊT‿əv ðə ˈKWES.tʃən/	idiom	会話のつなぎ・リアクション	normal	1	2026-10-02
expr_0298	298	手に負えない	out of hand	/ˌAʊT‿əv ˈHÆND/	状況が制御不能になる。	get out of hand が定番。	Things got out of hand.	/ˌTHɪŊZ ɡɑːt ˌAʊT‿əv ˈHÆND/	idiom	会話のつなぎ・リアクション	normal	1	2026-10-02
expr_0299	299	息切れする	out of breath	/ˌAʊT‿əv ˈBREθ/	運動などで息が上がった状態。	breathは名詞、breatheは動詞。	I was out of breath after running.	/aɪ wəz ˌAʊT‿əv ˈBREθ ˌÆF.tɚ ˈRʌN.ɪŋ/	daily	日常生活・一般	normal	1	2026-10-02
expr_0300	300	場違いな	out of place	/ˌAʊT‿əv ˈPLEɪS/	その場に合わず浮いている。	物が本来の場所にない意味もある。	I felt a little out of place.	/aɪ ˌFELT‿ə ˌLɪT̬.əl ˌAʊT‿əv ˈPLEɪS/	idiom	会話のつなぎ・リアクション	normal	1	2026-10-02
expr_0301	301	どこからともなく突然	out of nowhere	/ˌAʊT‿əv ˈNOʊ.wer/	人・物・出来事が突然現れる。	out of the blueは予想外・前触れなしに焦点。	A car came out of nowhere.	/ə ˌKɑːR keɪm ˌAʊT‿əv ˈNOʊ.wer/	idiom	会話のつなぎ・リアクション	normal	1	2026-10-02
expr_0302	302	内科医	internist	/ɪnˈTɝː.nɪst/	米国英語で内科医。	internal medicine physician はより明示的。	She's an internist.	/ʃiz‿ən ɪnˈTɝː.nɪst/	medical	医療・診療	normal	1	2026-10-02
expr_0303	303	逆もまた然り	vice versa	/ˌVAɪS ˈVɝː.sə/	A→BだけでなくB→Aも成り立つ。	the opposite is also true も可。	Doctors can learn from patients, and vice versa.	/ˈDɑːK.tɚz kən ˌLɝːN frəm ˈPEɪ.ʃənts | ən ˌVAɪS ˈVɝː.sə/	conversation	会話のつなぎ・リアクション	normal	1	2026-10-02
expr_0304	304	乗り気だ	be game for something	/bi ˈɡEɪM fər ˌSʌM.θɪŋ/	提案されたことをやってみる気がある。	be up for はより一般的、gameはノリの良さも。	Sure, I'm game.	/ˌʃʊR | aɪm ˈɡEɪM/	conversation	会話のつなぎ・リアクション	normal	1	2026-10-02
expr_0305	305	まともに考えたら誰も〜ない	no one in their right mind ...	/ˌNOʊ wʌn‿ɪn ðer ˌRAɪT ˈMAɪND/	「正気なら誰も〜しない」という強い評価。	冗談では使えるが職場では強すぎることも。	No one in their right mind would do that.	/ˌNOʊ wʌn‿ɪn ðer ˌRAɪT ˈMAɪND wəd ˌDUː ˈÐÆT/	conversation	会話のつなぎ・リアクション	normal	1	2026-10-02
expr_0306	306	壁打ちする	bounce ideas off someone	/ˌBAʊNS aɪˈDɪəz‿ɔːf ˌSʌM.wʌn/	アイデアを相手に投げて反応・意見をもらう。	talk throughは話しながら整理、brainstormは一緒に案を出す。	Can I bounce an idea off you?	/kən aɪ ˌBAʊNS‿ən aɪˈDɪə‿ɔːf ju/	conversation	会話のつなぎ・リアクション	normal	1	2026-10-02
expr_0307	307	教え子	one of my students	/ˌWʌN‿əv maɪ ˈSTUː.dənts/	普通の「教え子」で最も自然。	研修医なら a resident I supervised など具体化できる。	He was one of my students.	/hi wəz ˌWʌN‿əv maɪ ˈSTUː.dənts/	education	学習・教育・研究	normal	1	2026-10-02
expr_0308	308	ぬるい／反応が弱い	lukewarm	/ˌLUːKˈWɔːRM/	温度がぬるい。比喩で熱意・反応が弱い。	反応なら lukewarm response など。	The response was lukewarm.	/ðə rɪˌSPɑːNS wəz ˌLUːKˈWɔːRM/	conversation	会話のつなぎ・リアクション	normal	1	2026-10-02
expr_0309	309	どうなるか見てみよう	We'll see what happens.	/wil ˌSIː wət ˈHÆP.ənz/	結果が不確実なまま、とりあえず進める。	wait and see と近い。	We'll try it and see what happens.	/wil ˌTRAɪ‿ɪt‿ən ˌSIː wət ˈHÆP.ənz/	conversation	会話のつなぎ・リアクション	normal	1	2026-10-02
expr_0310	310	まあいいじゃん	Who cares?	/ˌHUː ˈKERZ/	細かいことを気にしない「誰が気にするの？」。	人の関心を切り捨てると冷たく響く。	It's not perfect, but who cares?	/ɪts nɑːt ˈPɝː.fɪkt | bət ˌHUː ˈKERZ/	conversation	会話のつなぎ・リアクション	normal	1	2026-10-02
expr_0311	311	血と汗と涙／大変な努力	blood, sweat, and tears	/ˌBLʌD ˌSWET‿ən ˈTɪRZ/	大変な努力や苦労を強調。	比喩的な定型表現。	I put my blood, sweat, and tears into it.	/aɪ ˌPʊT maɪ ˌBLʌD ˌSWET‿ən ˈTɪRZ ˌɪN.tu‿ɪt/	idiom	会話のつなぎ・リアクション	normal	1	2026-10-02
expr_0312	312	〜くらい／〜っぽい	-ish	/ˈɪʃ/	時刻・数字・形容詞を口語的にぼかす。	five-ish, reddish など。	Let's meet at five-ish.	/lets ˌMIːT‿ət ˈFAɪV.ɪʃ/	conversation	会話のつなぎ・リアクション	normal	1	2026-10-02
expr_0313	313	念のため	just to be safe	/ˌDʒʌST tə bi ˈSEɪF/	問題を避けるため少し余分に対策する。	just in caseは起こる可能性への備え。	I'll check again, just to be safe.	/aɪl ˌTʃEK əˈɡEN | ˌDʒʌST tə bi ˈSEɪF/	conversation	会話のつなぎ・リアクション	normal	1	2026-10-02
expr_0314	314	万が一に備えて	just in case	/ˌDʒʌST‿ɪn ˈKEɪS/	何かが起きる可能性を考えて備える。	just to be safeより条件的な備え。	Take an umbrella just in case.	/ˌTEɪK‿ən ʌmˈBREL.ə ˌDʒʌST‿ɪn ˈKEɪS/	conversation	会話のつなぎ・リアクション	normal	1	2026-10-02
expr_0315	315	私のことは気にしないで	Don't mind me.	/ˌDOʊNT ˈMAɪND mi/	自分が横で何かしていても構わず続けて、の意。	軽いユーモアにも。	Don't mind me. Keep going.	/ˌDOʊNT ˈMAɪND mi | ˌKIːP ˈɡOʊ.ɪŋ/	conversation	会話のつなぎ・リアクション	normal	1	2026-10-02
expr_0316	316	そこに代わる場所はない	There's no place like it.	/ðerz noʊ ˌPLEɪS ˈLAɪK‿ɪt/	特別な場所を褒める。	There's no place like home. が有名。	For me, there's no place like it.	/fər ˈMIː | ðerz noʊ ˌPLEɪS ˈLAɪK‿ɪt/	conversation	会話のつなぎ・リアクション	normal	1	2026-10-02
expr_0317	317	〜のニーズに応える	cater to someone	/ˈKEɪ.t̬ɚ tə ˌSʌM.wʌn/	特定の人・層の好みやニーズに対応する。	サービス・教育にも使える。	The course caters to busy professionals.	/ðə ˌKɔːRS ˈKEɪ.t̬ɚz tə ˌBɪZ.i prəˈFEʃ.ə.nəlz/	work	仕事・組織	normal	1	2026-10-02
expr_0318	318	恵まれた立場	a position of privilege	/ə pəˌZɪʃ.ən‿əv ˈPRɪV.ə.lɪdʒ/	他者にない機会・優位性を持つ立場。	社会的文脈で使われる。	I recognize that I'm in a position of privilege.	/aɪ ˌREK.əɡ.naɪz ðət aɪm‿ɪn‿ə pəˌZɪʃ.ən‿əv ˈPRɪV.ə.lɪdʒ/	academic	学習・教育・研究	normal	1	2026-10-02
expr_0319	319	〜なんて想像できない	I can't imagine ...	/aɪ ˌKÆNT‿ɪˈMÆDʒ.ɪn/	驚き・あり得なさを表す。	後ろは名詞や -ing、節。	I can't imagine living anywhere else.	/aɪ ˌKÆNT‿ɪˈMÆDʒ.ɪn ˌLɪV.ɪŋ ˌEN.i.wer ˈELS/	conversation	会話のつなぎ・リアクション	normal	1	2026-10-02
expr_0320	320	社会的・文化的な失態	faux pas	/ˌFOʊ ˈPɑː/	マナー違反や気まずい社会的失敗。	単なるmistakeより社会規範に関係。	That would be a major faux pas.	/ðæt wəd bi‿ə ˌMEɪ.dʒɚ foʊ ˈPɑː/	conversation	会話のつなぎ・リアクション	normal	1	2026-10-02
expr_0321	321	〜に慣れる	get used to something	/ɡet ˈJUːST tə ˌSʌM.θɪŋ/	新しい状態に慣れていく。	be used toはすでに慣れている状態。	I'm getting used to the new routine.	/aɪm ˌɡET̬.ɪŋ ˈJUːST tə ðə ˌNUː ruːˈTIːN/	conversation	会話のつなぎ・リアクション	normal	1	2026-10-02
expr_0322	322	偏っている	be biased	/bi ˈBAɪ.əst/	判断が特定の方向に偏っている。	冗談で身内びいきにも使える。	I may be biased, but I think it's great.	/aɪ meɪ bi ˈBAɪ.əst | bət aɪ ˌTHɪŊK‿ɪts ˈɡREɪT/	conversation	会話のつなぎ・リアクション	normal	1	2026-10-02
expr_0323	323	既成概念にとらわれない	outside the box	/ˌAʊT.saɪD ðə ˈBɑːKS/	創造的・通常と違う方法で考える。	think outside the box が定番。	We need to think outside the box.	/wi ˌNIːD tə ˌTHɪŊK ˌAʊT.saɪD ðə ˈBɑːKS/	idiom	学習・教育・研究	normal	1	2026-10-02
expr_0324	324	倹約家の	frugal	/ˈFRUː.ɡəl/	無駄遣いせず上手に節約する肯定的表現。	cheapはケチ、stingyはさらに否定的。	He's very frugal with money.	/hiz ˌVER.i ˈFRUː.ɡəl wɪð ˈMʌN.i/	adjective	人・感情・評価	normal	1	2026-10-02
expr_0325	325	これくらい当然ですよ	It's the least I could do.	/ɪts ðə ˌLIːST aɪ kəd ˈDUː/	感謝されたときに「これくらい当然」。	相手に恩がある・少しでも返したい文脈にも。	Thanks for your help. — It's the least I could do.	/ˌTHÆŊKS fər jɚ ˈHELP | ɪts ðə ˌLIːST aɪ kəd ˈDUː/	conversation	会話のつなぎ・リアクション	normal	1	2026-10-02
expr_0326	326	これ以上何が必要？	What else do you need?	/wət ˌELS də ju ˈNIːD/	修辞疑問なら「これで十分じゃない？」。	声調次第で普通の質問にもなる。	We have everything. What else do we need?	/wi hæv ˈEV.riˌθɪŋ | wət ˌELS də wi ˈNIːD/	conversation	会話のつなぎ・リアクション	normal	1	2026-10-02
expr_0327	327	何があっても	rain or shine	/ˌREɪN ɔːr ˈʃAɪN/	天候にかかわらず、比喩で条件にかかわらず。	定期的な行動との相性が良い。	We go for a walk every morning, rain or shine.	/wi ˌɡOʊ fər‿ə ˈWɔːK ˌEV.ri ˈMɔːR.nɪŋ | ˌREɪN ɔːr ˈʃAɪN/	idiom	会話のつなぎ・リアクション	normal	1	2026-10-02
expr_0328	328	調べてみた	I looked into it.	/aɪ ˌLʊKT‿ɪN.tu‿ɪt/	情報を調査・確認した。	look upは個別情報を検索、look intoは少し掘って調べる。	I looked into it, and it seems useful.	/aɪ ˌLʊKT‿ɪN.tu‿ɪt | ən‿ɪt ˌSIːMZ ˈJUːS.fəl/	conversation	会話のつなぎ・リアクション	normal	1	2026-10-02
expr_0329	329	何が起こるか分からない	You just never know.	/ju dʒəs ˌNEV.ɚ ˈNOʊ/	予想外のことが起こり得る、という定型表現。	しばしば悪い可能性への備えの文脈。	I keep a backup, because you just never know.	/aɪ ˌKIːP‿ə ˈBÆK.ʌP | bɪˌKɔːZ ju dʒəs ˌNEV.ɚ ˈNOʊ/	conversation	会話のつなぎ・リアクション	normal	1	2026-10-02
expr_0330	330	体感では〜／〜のように感じる	feels like	/ˈFIːLZ ˌLAɪK/	天気では体感温度、一般には感覚・印象。	feel like -ing は「〜したい気分」。	It's 85, but it feels like 95.	/ɪts ˌEɪ.t̬iˈFAɪV | bət‿ɪt ˌFIːLZ laɪk ˌNAɪN.t̬iˈFAɪV/	daily	日常生活・一般	normal	1	2026-10-02
expr_0331	331	密集した／鈍い	dense	/ˈDENS/	物理的に密度が高い・通りにくい。	人に使うと「鈍い・頭が悪い」で失礼。	The vegetation is really dense here.	/ðə ˌVEDʒ.əˈTEɪ.ʃən‿ɪz ˌRɪL.i ˈDENS hɪr/	adjective	人・感情・評価	normal	1	2026-10-02
expr_0332	332	ご覧のとおり	As you can see, ...	/æz ju kən ˈSIː/	目の前の図・状況など明らかな根拠を指す。	プレゼンでも会話でも使える。	As you can see, the numbers are rising.	/æz ju kən ˈSIː | ðə ˌNʌM.bɚz ɑr ˈRAɪ.zɪŋ/	conversation	会話のつなぎ・リアクション	normal	1	2026-10-02
expr_0333	333	回復する・乗り越える	get over	/ɡet ˈOʊ.vɚ/	病気・ショック・失恋などから回復したり、心理的な壁を乗り越えたりするとき。	単なる回復だけでなく、感情的な出来事を「乗り越える」にも広く使える。	I’m finally getting over my cold.	/aɪm ˌFAɪ.nə.li ˌɡET̬.ɪŋ ˈOʊ.vɚ maɪ ˈKOʊLD/	phrasal verb	日常生活・一般	high	1	2026-10-02
expr_0334	334	経験する・一通り確認する	go through	/ɡoʊ ˈθRUː/	ある経験を通り抜ける、または資料・手順を最初から最後まで確認するとき。	through の「中を通って反対側まで」の感覚が中心。	Let’s go through the plan one more time.	/lets ˌɡOʊ ˈθRUː ðə ˌPLÆN wʌn mɔːr ˈTAɪM/	phrasal verb	仕事・組織	high	1	2026-10-02
expr_0335	335	終える・乗り切る	get through	/ɡet ˈθRUː/	大変な期間や仕事を何とか終える、乗り切るとき。	「反対側までたどり着く」感覚があり、困難を含む場面と相性がよい。	I just need to get through this week.	/aɪ dʒəst ˌNIːD tə ɡet ˈθRUː ðɪs ˌWIːK/	phrasal verb	日常生活・一般	high	1	2026-10-02
expr_0336	336	〜とうまくやる	get along with	/ɡet əˈLɔːŋ wɪð/	家族・同僚・友人などとの人間関係を表すとき。	仲が良い、問題なく付き合える、という日常的な表現。	I get along well with my coworkers.	/aɪ ɡet əˌLɔːŋ ˈWEL wɪð maɪ ˈKOʊˌwɝː.kɚz/	phrasal verb	人・感情・評価	high	1	2026-10-02
expr_0337	337	見直す・確認する	go over	/ɡoʊ ˈOʊ.vɚ/	資料・説明・計画などをもう一度確認するとき。	一通り上から見直す感覚。会話では非常に自然。	Can we go over this again?	/kən wi ɡoʊ ˌOʊ.vɚ ðɪs əˈɡEN/	phrasal verb	仕事・組織	high	1	2026-10-02
expr_0338	338	出てくる・発売される・判明する	come out	/kʌm ˈAʊT/	商品が発売される、情報・結果が表に出る、何かが出てくるとき。	out の「中から外へ出る」が意味の核。	The new version comes out next month.	/ðə ˌNUː ˈVɝː.ʒən kʌmz ˌAʊT nekst ˈMʌNθ/	phrasal verb	日常生活・一般	high	1	2026-10-02
expr_0339	339	片付ける・きれいにする	clean up	/kliːn ˈʌP/	部屋・キッチンなどを片付けて、きれいな状態にするとき。	単に汚れを落とすだけでなく「片付けまで終える」感じが出やすい。	I need to clean up the kitchen.	/aɪ ˌNIːD tə kliːn ˈʌP ðə ˌKɪTʃ.ən/	phrasal verb	家・家事	high	1	2026-10-02
expr_0340	340	使い切る	use up	/juːz ˈʌP/	食材・日用品・時間などを最後まで全部使うとき。	up が「完全に・最後まで」を加える。	We used up all the milk.	/wi ˌJUːZD ˈʌP ɔːl ðə ˌMɪLK/	phrasal verb	日常生活・一般	high	1	2026-10-02
expr_0341	341	使い果たす・なくなる	run out of	/rʌn ˈAʊT‿əv/	牛乳・時間・お金などの残りがなくなるとき。	自分が使い切るより「在庫・残量が尽きる」ことに焦点。	We’re running out of milk.	/wɪr ˌRʌN.ɪŋ ˈAʊT‿əv ˌMɪLK/	phrasal verb	日常生活・一般	high	1	2026-10-02
expr_0342	342	量を減らす	cut down on	/kʌt ˈDAʊN‿ɑːn/	食事・飲酒・スマホ時間など、習慣的な量を減らすとき。	生活習慣について会話で非常に使いやすい。	I’m trying to cut down on screen time.	/aɪm ˌTRAɪ.ɪŋ tə kʌt ˈDAʊN‿ɑːn ˌSKRIːN taɪm/	phrasal verb	日常生活・一般	high	1	2026-10-02
expr_0343	343	中止する	call off	/kɔːl ˈɔːF/	会議・イベント・予定などを中止するとき。	すでに予定されていたものを取りやめる会話表現。	They called off the meeting.	/ðeɪ ˌKɔːLD ˈɔːF ðə ˌMIː.t̬ɪŋ/	phrasal verb	仕事・組織	high	1	2026-10-02
expr_0344	344	維持する・ついていく	keep up	/kiːp ˈʌP/	ペース・水準を維持する、または遅れずについていくとき。	動いている基準を保ち続ける感覚。	I can’t keep up with all these changes.	/aɪ kænt ˌKIːP ˈʌP wɪð ɔːl ðiːz ˌTʃEɪN.dʒɪz/	phrasal verb	日常生活・一般	high	1	2026-10-02
expr_0345	345	埋め合わせる	make up for	/meɪk ˈʌP fər/	失った時間・不足・失敗などを別のもので補うとき。	不足分を埋めて帳尻を合わせる感覚。	I’ll make up for the lost time.	/aɪl meɪk ˈʌP fər ðə ˌLɔːST taɪm/	phrasal verb	日常生活・一般	high	1	2026-10-02
expr_0346	346	始める・場所や時間を取る	take up	/teɪk ˈʌP/	趣味を始める、または物・作業が時間や場所を占めるとき。	「取り上げて占有する」感覚から複数の意味に広がる。	This takes up too much space.	/ðɪs teɪks ˌʌP tuː mʌtʃ ˈSPEɪS/	phrasal verb	日常生活・一般	high	1	2026-10-02
expr_0347	347	世話する	look after	/lʊk ˈÆF.tɚ/	子ども・家族・ペットなどの面倒を見るとき。	日常的な「世話をする」。	Can you look after him for a minute?	/kən ju lʊk ˌÆF.tɚ ɪm fər‿ə ˈMɪN.ɪt/	phrasal verb	子育て・家族	high	1	2026-10-02
expr_0348	348	情報を調べる	look up	/lʊk ˈʌP/	辞書・ネット・資料から特定の情報を探すとき。	対象が比較的はっきりした検索に向く。	I’ll look it up.	/aɪl ˌLʊK‿ɪt ˈʌP/	phrasal verb	学習・教育・研究	high	1	2026-10-02
expr_0349	349	偶然会う・問題にぶつかる	run into	/rʌn ˈɪN.tuː/	人に偶然会う、または予期せぬ問題に遭遇するとき。	「走ってぶつかる」ような偶発性がある。	I ran into an old friend yesterday.	/aɪ ˌRÆN‿ɪN.tu ən oʊld ˈFREND ˌJES.tɚ.deɪ/	phrasal verb	日常生活・一般	high	1	2026-10-02
expr_0350	350	待つ・持ちこたえる	hold on	/hoʊld ˈɑːN/	少し待ってほしいとき、またはそのまま持ちこたえるとき。	何かを離さず保つ感覚から「待つ」に広がる。	Hold on a second.	/ˌHOʊLD ˈɑːN ə ˌSEK.ənd/	phrasal verb	会話のつなぎ・リアクション	high	1	2026-10-02
expr_0351	351	続ける	carry on	/ˈKÆR.i‿ɑːN/	活動・話・作業をそのまま続けるとき。	少し会話的で、「そのまま続けて」の感じが出る。	Please carry on.	/pliːz ˌKÆR.i‿ˈɑːN/	phrasal verb	会話のつなぎ・リアクション	high	1	2026-10-02
expr_0352	352	実行・実施する	carry out	/ˈKÆR.i‿AʊT/	計画・指示・研究などを実際に実行するとき。	ややフォーマルだが仕事・研究で非常に重要。	We carried out the plan as scheduled.	/wi ˌKÆR.id ˈAʊT ðə ˌPLÆN əz ˈSKEDʒ.uːld/	phrasal verb	仕事・組織	high	1	2026-10-02
expr_0353	353	別れる・解散する	break up	/breɪk ˈʌP/	恋人同士が別れる、集団が解散するなどの場面。	一つだったものがばらばらになる感覚。	They broke up last year.	/ðeɪ ˌBROʊK ˈʌP læst ˌJɪR/	phrasal verb	人・感情・評価	high	1	2026-10-02
expr_0354	354	遮断する・話を遮る	cut off	/kʌt ˈɔːF/	通信や供給を断つ、または人の話を途中で遮るとき。	つながりを切断する感覚。	Sorry, I didn’t mean to cut you off.	/ˈSɑːR.i | aɪ ˌDɪD.ənt miːn tə kʌt ju ˈɔːF/	phrasal verb	会話のつなぎ・リアクション	high	1	2026-10-02
expr_0355	355	省く	leave out	/liːv ˈAʊT/	説明・材料・人などを含めずに省くとき。	「外に残しておく」感覚で、日常会話では使いやすい。	Don’t leave out the important details.	/doʊnt ˌLIːV ˈAʊT ði ɪmˌPɔːR.tənt ˈDIː.teɪlz/	phrasal verb	日常生活・一般	high	1	2026-10-02
expr_0356	356	整理する・問題を解決する	sort out	/sɔːrt ˈAʊT/	混乱した物事を整理する、問題を片付けるとき。	ごちゃごちゃした状態を仕分けして整えるイメージ。	I need to sort this out.	/aɪ ˌNIːD tə sɔːrt ðɪs ˈAʊT/	phrasal verb	日常生活・一般	high	1	2026-10-02
expr_0357	357	詳しく調べる・確認する	check into	/tʃek ˈɪN.tuː/	事情・問題などを詳しく調べるとき。	日常会話では「調べて確認しておく」程度にも使える。	I’ll check into it and get back to you.	/aɪl tʃek ˌɪN.tu‿ɪt‿ən ɡet ˌBÆK tə ˈJUː/	phrasal verb	仕事・組織	high	1	2026-10-02
expr_0358	358	ざっと目を通す	look over	/lʊk ˈOʊ.vɚ/	文書・資料・物を軽く確認するとき。	細部まで精査するより「ひと通り見る」感じ。	Could you look this over?	/kəd ju ˌLʊK ðɪs ˈOʊ.vɚ/	phrasal verb	仕事・組織	high	1	2026-10-02
expr_0359	359	最後までやり遂げる	follow through	/ˌFɑː.loʊ ˈθRUː/	決めたこと・約束したことを最後まで実行するとき。	開始よりも「途中でやめず完遂する」ことに焦点。	I need to follow through on what I promised.	/aɪ ˌNIːD tə ˌFɑː.loʊ ˈθRUː ɑːn wʌt aɪ ˈPRɑː.mɪst/	phrasal verb	仕事・組織	high	1	2026-10-02
expr_0360	360	切り抜ける・なんとかやっていく	get by	/ɡet ˈBAɪ/	十分ではない条件でも何とか生活・仕事を回すとき。	余裕はないが最低限やっていける感じ。	We can get by with what we have.	/wi kən ɡet ˌBAɪ wɪð wʌt wi ˈHÆV/	phrasal verb	日常生活・一般	high	1	2026-10-02
expr_0361	361	追いつく・追いついて話す	catch up with	/kætʃ ˈʌP wɪð/	遅れている人に追いつく、または久しぶりの人と近況を話すとき。	人が目的語だと「久しぶりに話す」の意味でも頻出。	I need to catch up with him sometime.	/aɪ ˌNIːD tə kætʃ ˈʌP wɪð ɪm ˌSʌM.taɪm/	phrasal verb	会話のつなぎ・リアクション	high	1	2026-10-02
expr_0362	362	やり始める・取りかかる	get down to	/ɡet ˈDAʊN tə/	仕事・勉強・本題などに本格的に取りかかるとき。	準備や雑談を終えて「本題に入る」感じ。	I need to get down to work.	/aɪ ˌNIːD tə ɡet ˌDAʊN tə ˈWɝːK/	phrasal verb	仕事・組織	high	1	2026-10-02
expr_0363	363	続ける・やり通す	keep on	/kiːp ˈɑːN/	同じ行動を繰り返し続けるとき。	継続性を強く感じさせ、命令では励ましにもなる。	Keep on trying.	/ˌKIːP ˈɑːN ˌTRAɪ.ɪŋ/	phrasal verb	日常生活・一般	high	1	2026-10-02
expr_0364	364	持ちこたえる・諦めない	hang on	/hæŋ ˈɑːN/	もう少し耐えてほしい、待ってほしいとき。	hold on に近いが「踏ん張る」感じも出やすい。	Hang on a little longer.	/ˌHÆŋ ˈɑːN ə ˌLɪT̬.əl ˈLɔːŋ.ɡɚ/	phrasal verb	会話のつなぎ・リアクション	high	1	2026-10-02
expr_0365	365	最後まで続ける・貫く	stick with	/stɪk ˈWɪÐ/	難しくても計画・方法・人などを変えず続けるとき。	対象から離れず「くっついたまま」の感覚。	I’m going to stick with this plan.	/aɪm ˌɡOʊ.ɪŋ tə stɪk ˈWɪÐ ðɪs ˌPLÆN/	phrasal verb	日常生活・一般	high	1	2026-10-02
expr_0366	366	取り組む・引き受ける	take on	/teɪk ˈɑːN/	仕事・責任・課題などを自分が引き受けるとき。	負担や挑戦を自分の側に取り込む感じ。	I don’t want to take on too much.	/aɪ doʊnt ˌWɑːNT tə teɪk ˈɑːN tuː ˌMʌTʃ/	phrasal verb	仕事・組織	high	1	2026-10-02
expr_0367	367	考え出す	think up	/θɪŋk ˈʌP/	名前・案・言い訳などを頭の中で考え出すとき。	会話的で、ゼロから何かを思いつく感じ。	We need to think up a better name.	/wi ˌNIːD tə θɪŋk ˌʌP ə ˌBET̬.ɚ ˈNEɪM/	phrasal verb	日常生活・一般	high	1	2026-10-02
expr_0368	368	作り上げる・でっち上げる	make up	/meɪk ˈʌP/	話・言い訳などを作る、または作り話をするとき。	非常に多義的で、仲直りなど別の意味もある。	He made up an excuse.	/hi ˌMEɪD ˈʌP ən ɪkˌSKJUːS/	phrasal verb	会話のつなぎ・リアクション	high	1	2026-10-02
expr_0369	369	明らかにする・見つけ出す	bring out	/brɪŋ ˈAʊT/	隠れていた特徴・良さ・味などを表に出すとき。	単なる発見ではなく「内にあるものを引き出す」ニュアンス。	This sauce really brings out the flavor.	/ðɪs ˌSɔːS ˈRɪL.i brɪŋz ˌAʊT ðə ˈFLEɪ.vɚ/	phrasal verb	料理・食事	high	1	2026-10-02
expr_0370	370	判明する・解決する	work out	/wɝːk ˈAʊT/	問題が解決する、物事がうまくいく、計算して答えを出すとき。	処理を続けた結果、答えや良い結果にたどり着く感じ。	I’m sure it’ll work out.	/aɪm ˌʃʊR ɪtəl wɝːk ˈAʊT/	phrasal verb	日常生活・一般	high	1	2026-10-02
expr_0371	371	問題・違いなどを解決する	iron out	/ˈAɪɚn‿AʊT/	細かな問題・食い違い・調整事項を解消するとき。	しわを伸ばすように、残った細部を滑らかに整える比喩。	We need to iron out a few details.	/wi ˌNIːD tə ˌAɪɚn ˈAʊT ə fjuː ˈDIː.teɪlz/	phrasal verb	仕事・組織	high	1	2026-10-02
expr_0372	372	徐々に廃止する	phase out	/feɪz ˈAʊT/	古い制度・製品・仕組みを段階的に終了するとき。	一気に中止するのではなく徐々に消していく。	They’re phasing out the old system.	/ðer ˌFEɪ.zɪŋ ˈAʊT ði oʊld ˌSɪS.təm/	phrasal verb	仕事・組織	high	1	2026-10-02
expr_0373	373	削減する・切り詰める	cut back on	/kʌt ˈBÆK‿ɑːn/	支出・飲食・使用量などを意識的に減らすとき。	cut down on と近いが、出費や消費量にも特に自然。	I’m trying to cut back on coffee.	/aɪm ˌTRAɪ.ɪŋ tə kʌt ˈBÆK‿ɑːn ˌKɔː.fi/	phrasal verb	日常生活・一般	high	1	2026-10-02
expr_0374	374	〜なしで済ませる	do without	/duː wɪˈÐAʊT/	必要そうな物・サービスを使わずに何とかやるとき。	「なくてもやっていける」を簡潔に言える。	I can do without it for now.	/aɪ kən ˌDUː wɪˈÐAʊT‿ɪt fər ˌNAʊ/	phrasal verb	日常生活・一般	high	1	2026-10-02
expr_0375	375	先延ばしにする・遠ざける	hold off	/hoʊld ˈɔːF/	決定・購入・行動などを今すぐせず、しばらく待つとき。	一時的に距離を置く・待つ感覚。	Let’s hold off for a few days.	/lets hoʊld ˌɔːF fər‿ə fjuː ˈDEɪZ/	phrasal verb	日常生活・一般	high	1	2026-10-02
expr_0376	376	切り離す・孤立させる	cut off from	/kʌt ˈɔːF frəm/	人・情報・交通などとのつながりが断たれるとき。	何かとの接続を切られた状態。	I felt cut off from everyone.	/aɪ ˌFELT kʌt ˈɔːF frəm ˌEV.ri.wʌn/	phrasal verb	人・感情・評価	high	1	2026-10-02
expr_0377	377	取り除く・廃止する	do away with	/duː əˈWEɪ wɪð/	不要なルール・制度・習慣などをなくすとき。	物理的に捨てるより、仕組みや慣行をなくす場面に向く。	We should do away with this rule.	/wi ʃəd ˌDUː əˈWEɪ wɪð ðɪs ˌRUːL/	phrasal verb	仕事・組織	high	1	2026-10-02
expr_0378	378	片付ける・しまう	put away	/pʊt əˈWEɪ/	物を元の収納場所にしまうとき。	単に場所を移すのではなく、使い終えて片付ける感じ。	Please put your toys away.	/pliːz ˌPʊT jɚ ˌTɔɪZ əˈWEɪ/	phrasal verb	家・家事	high	1	2026-10-02
expr_0379	379	元の場所に戻す	put back	/pʊt ˈBÆK/	使った物を元の位置に戻すとき。	back が「元の位置へ」を明確にする。	Put it back where you found it.	/ˌPʊT‿ɪt ˈBÆK wer ju ˌFAʊND‿ɪt/	phrasal verb	家・家事	high	1	2026-10-02
expr_0380	380	外に出す・取り出す	take out	/teɪk ˈAʊT/	物を外へ出す、ゴミを出す、持ち帰りにするなど。	内側から外側へ持っていくのが基本イメージ。	I need to take out the trash.	/aɪ ˌNIːD tə teɪk ˌAʊT ðə ˈTRÆʃ/	phrasal verb	家・家事	high	1	2026-10-02
expr_0381	381	返品する・返す	take back	/teɪk ˈBÆK/	買った物を店に返品する、発言を撤回するとき。	自分が対象を元の場所・状態へ持ち戻す感じ。	I need to take this shirt back.	/aɪ ˌNIːD tə teɪk ðɪs ˌʃɝːT ˈBÆK/	phrasal verb	日常生活・一般	high	1	2026-10-02
expr_0382	382	返す	give back	/ɡɪv ˈBÆK/	借りた物などを相手に返すとき。	相手へ手渡して返すことに焦点。	Can you give it back to me?	/kən ju ˌɡɪV‿ɪt ˈBÆK tə mi/	phrasal verb	日常生活・一般	high	1	2026-10-02
expr_0383	383	試着する	try on	/traɪ ˈɑːN/	服・靴・帽子などを身につけて合うか試すとき。	on が「身につけた状態で試す」を表す。	Can I try this on?	/kən aɪ ˌTRAɪ ðɪs ˈɑːN/	phrasal verb	日常生活・一般	high	1	2026-10-02
expr_0384	384	選び出す	pick out	/pɪk ˈAʊT/	複数の候補から一つを選ぶとき。	選択肢の中から取り出すイメージ。	She picked out a new jacket.	/ʃi ˌPɪKT ˈAʊT ə nuː ˌDʒÆK.ɪt/	phrasal verb	日常生活・一般	high	1	2026-10-02
expr_0385	385	書き留める	write down	/raɪt ˈDAʊN/	忘れないようにメモとして書くとき。	頭の中の情報を紙や画面に固定する感覚。	Let me write that down.	/let mi ˌRAɪT ðæt ˈDAʊN/	phrasal verb	日常生活・一般	high	1	2026-10-02
expr_0386	386	もっと大きな声で話す	speak up	/spiːk ˈʌP/	声が小さくて聞こえないときに、もっと大きな声を求める表現。	up が音量を上げる感覚を加える。	Could you speak up a little?	/kəd ju ˌSPIːK ˈʌP ə ˌLɪT̬.əl/	phrasal verb	会話のつなぎ・リアクション	high	1	2026-10-02
expr_0387	387	出かける・出発する	head out	/hed ˈAʊT/	家や職場から今まさに出発するとき。	目的地の方向へ向かって出る、という会話的な表現。	I’m heading out now.	/aɪm ˌHED.ɪŋ ˈAʊT naʊ/	phrasal verb	移動・旅行	high	1	2026-10-02
expr_0388	388	家に遊びに来る	come over	/kʌm ˈOʊ.vɚ/	相手を自宅などに招く、または相手の家を訪ねるとき。	話者の場所へ「こちらに来る」感覚。	Do you want to come over this weekend?	/də ju ˌWɑːNT tə kʌm ˈOʊ.vɚ ðɪs ˌWIːK.end/	phrasal verb	日常生活・一般	high	1	2026-10-02
expr_0389	389	ちょっと立ち寄る	stop by	/stɑːp ˈBAɪ/	用事の途中などに短時間だけ立ち寄るとき。	長居する訪問ではなく、短い訪問。	I’ll stop by after work.	/aɪl ˌSTɑːP ˈBAɪ ˌÆF.tɚ wɝːk/	phrasal verb	日常生活・一般	high	1	2026-10-02
expr_0390	390	先に進む・気持ちを切り替える	move on	/muːv ˈɑːN/	次の話題・段階へ進む、過去から気持ちを切り替えるとき。	現在の地点に留まらず次へ進む感覚。	Let’s move on to the next topic.	/lets ˌMUːV ˈɑːN tə ðə nekst ˌTɑː.pɪk/	phrasal verb	会話のつなぎ・リアクション	high	1	2026-10-02
expr_0391	391	落ち着く・身を落ち着ける	settle down	/ˈSET̬.əl ˈDAʊN/	子ども・生活・忙しさ・状況などが、ばらついた状態から安定して落ち着く。	calm down は緊張・興奮・混乱が静まることに焦点。	Once things settle down, we can talk about it.	/ˌWʌNS θɪŋz ˌSET̬.əl ˈDAʊN | wi kən ˌTɔːK əˈBAʊT‿ɪt/	phrasal verb	子育て・家族	high	1	2026-10-02
expr_0392	392	朝寝坊する・いつもより遅く起きる	sleep in	/sliːp ˈɪN/	休みの日などに普段より遅くまで寝るとき。	寝過ごした失敗より、意図的・許容された遅起きにも使う。	I slept in this morning.	/aɪ ˌSLEPT ˈɪN ðɪs ˌMɔːR.nɪŋ/	phrasal verb	時間・日課	high	1	2026-10-02
expr_0393	393	取っておく・脇に置く	set aside	/set əˈSAɪD/	時間・お金・物などを特定の目的のために確保するとき。	他と分けて脇に置き、後で使えるようにする感覚。	I set aside some time for studying.	/aɪ ˌSET əˈSAɪD səm ˌTAɪM fər ˈSTʌD.i.ɪŋ/	phrasal verb	時間・日課	high	1	2026-10-02
expr_0394	394	バックアップする・支える	back up	/bæk ˈʌP/	データを複製して守る、または人の発言・行動を支えるとき。	後ろから支えるイメージが共通している。	Make sure you back up your files.	/meɪk ˌʃʊR ju bæk ˈʌP jɚ ˌFAɪLZ/	phrasal verb	日常生活・一般	high	1	2026-10-02
expr_0395	395	避けられない・不可避の	inevitable	/ɪnˈEV.ə.t̬ə.bəl/	結果・変化・対立などが避けられないと述べるとき。	indispensable は「不可欠」。inevitable は「起こるのを避けられない」。	Some degree of conflict is inevitable.	/səm dɪˌɡRIː‿əv ˈKɑːN.flɪkt ɪz ɪnˈEV.ə.t̬ə.bəl/	adjective	人・感情・評価	normal	1	2026-10-02
expr_0396	396	不可欠な	indispensable	/ˌɪn.dɪˈSPEN.sə.bəl/	それなしでは成立しないほど重要な人・物・要素に。	inevitable は「不可避」、indispensable は「なくてはならない」。	Trust is indispensable for effective teamwork.	/ˈTRʌST ɪz ˌɪn.dɪˈSPEN.sə.bəl fər ɪˌFEK.tɪv ˈTIːMˌWɝːK/	adjective	仕事・組織	normal	1	2026-10-02
expr_0397	397	提供する・用意する	provide	/prəˈVAɪD/	情報・支援・機会・サービスなど必要なものを広く提供する。	supply より守備範囲が広く、「相手のために用意して与える」。	We provide patients with clear information.	/wi prəˌVAɪD ˈPEɪ.ʃənts wɪð ˌKLɪR ˌɪn.fɚˈMEɪ.ʃən/	verb	医療・診療	normal	1	2026-10-02
expr_0398	398	供給する・補給する	supply	/səˈPLAɪ/	水・電気・食料・薬品などを必要量供給するとき。	provide より「不足しないよう供給する」感覚が強い。	This machine supplies oxygen to the patient.	/ðɪs məˈʃIːN səˌPLAɪZ ˈɑːK.sɪ.dʒən tə ðə ˈPEɪ.ʃənt/	verb	医療・診療	normal	1	2026-10-02
expr_0399	399	並外れた・異例の	extraordinary	/ɪkˈSTRɔːR.dəˌner.i/	普通の範囲を大きく超える能力・状況・経験に。	outstanding は「他より際立って優れている」。extraordinary は良し悪しを問わず「普通ではない」。	She showed extraordinary courage.	/ʃi ˌʃOʊD ɪkˌSTRɔːR.dəˌner.i ˈKɝː.ɪdʒ/	adjective	人・感情・評価	normal	1	2026-10-02
expr_0400	400	際立って優れた	outstanding	/aʊtˈSTÆN.dɪŋ/	成果・能力・仕事などを強く高く評価するとき。	extraordinary より「質が優秀」という評価が明確。	She did an outstanding job.	/ʃi ˌDɪD‿ən aʊtˌSTÆN.dɪŋ ˈDʒɑːB/	adjective	人・感情・評価	normal	1	2026-10-02
expr_0401	401	もちろん・当然	of course	/əv ˈKɔːRS/	会話で相手に「当然そうだ」と答える最も基本的な表現。	obviously は「明らかでしょ」の響きが出やすく、of course の方が安全。	Of course I’ll help you.	/əv ˈKɔːRS aɪl ˌHELP ju/	conversation	会話のつなぎ・リアクション	normal	1	2026-10-02
expr_0402	402	普通の・当然の範囲の	normal	/ˈNɔːR.məl/	行動・反応・状況が普通の範囲だと述べるとき。	「当然」でも、予測可能性なら to be expected が合う。	It’s normal to feel nervous at first.	/ɪts ˈNɔːR.məl tə fiːl ˈNɝː.vəs ət ˈFɝːST/	adjective	人・感情・評価	normal	1	2026-10-02
expr_0403	403	そうなるのが当然・予想どおり	to be expected	/tə bi ɪkˈSPEK.tɪd/	状況から見て当然起こることを述べる。	normal より「そうなると予想できる」に焦点。	A little confusion is to be expected.	/ə ˌLɪT̬.əl kənˈFJUː.ʒən ɪz tə bi ɪkˈSPEK.tɪd/	conversation	会話のつなぎ・リアクション	normal	1	2026-10-02
expr_0404	404	言うまでもない	It goes without saying.	/ɪt ˌɡOʊZ wɪˌÐAʊT ˈSEɪ.ɪŋ/	当然すぎて説明不要なことを前置きするとき。	やや整った表現。会話では I know this goes without saying, but ... も自然。	It goes without saying that safety comes first.	/ɪt ˌɡOʊZ wɪˌÐAʊT ˈSEɪ.ɪŋ ðæt ˈSEɪF.t̬i kʌmz ˈFɝːST/	idiom	会話のつなぎ・リアクション	normal	1	2026-10-02
expr_0405	405	当然のこととして・慣例として	as a matter of course	/æz‿ə ˌMÆT̬.ɚ‿əv ˈKɔːRS/	特別扱いせず標準・習慣として行うことを述べる。	take for granted は「ありがたみを意識せず当然視する」。	We check it as a matter of course.	/wi ˌTʃEK‿ɪt æz‿ə ˌMÆT̬.ɚ‿əv ˈKɔːRS/	idiom	仕事・組織	normal	1	2026-10-02
expr_0406	406	子どもを叱る	scold	/ˈSKOʊLD/	悪い行動をした人、特に子どもを言葉で叱るとき。	tell off はより口語的で強め。discipline は一回の叱責より「しつけ」。	I scolded him for throwing his toys.	/aɪ ˌSKOʊL.dɪd‿ɪm fər ˌθROʊ.ɪŋ hɪz ˈTɔɪZ/	verb	子育て・家族	normal	1	2026-10-02
expr_0407	407	きつく叱る	tell someone off	/ˌTEL ˌSʌM.wʌn ˈɔːF/	人の行動を強めに叱責する口語表現。	scold より会話的。大人同士にも使える。	I told him off for being rude.	/aɪ ˌTOʊLD‿ɪm ˈɔːF fər ˌBIː.ɪŋ ˈRUːD/	phrasal verb	子育て・家族	normal	1	2026-10-02
expr_0408	408	行動を正す	correct a child’s behavior	/kəˌREKT ə ˌTʃAɪLDZ bɪˈHEɪ.vjɚ/	罰するというより子どもの望ましくない行動を修正・指導するとき。	scold より教育的・中立的な表現。	I try to correct his behavior without getting angry.	/aɪ ˌTRAɪ tə kəˌREKT hɪz bɪˈHEɪ.vjɚ wɪˌÐAʊT ˌɡET̬.ɪŋ ˈÆŋ.ɡri/	childcare	子育て・家族	normal	1	2026-10-02
expr_0409	409	大変だけど頑張って・持ちこたえて	hang in there	/ˌHÆŋ‿ɪn ˈÐER/	つらい状況が続いている人を励ます定型表現。	hang on は「待って」もあり、短期的に踏ん張る感じ。hang in there は励ましに特化。	Hang in there. Things will get better.	/ˌHÆŋ‿ɪn ˈÐER | ˌTHɪŋZ wɪl ɡet ˈBET̬.ɚ/	idiom	会話のつなぎ・リアクション	normal	1	2026-10-02
expr_0410	410	気づいたら・いつの間にか	Before I knew it, ...	/bɪˌFɔːR aɪ ˈNUː‿ɪt/	時間や状況が知らないうちに進んでいたとき。	自分の無意識の行動なら I find myself ...ing が使いやすい。	Before I knew it, it was midnight.	/bɪˌFɔːR aɪ ˈNUː‿ɪt | ɪt wəz ˈMɪD.naɪt/	discourse	時間・日課	normal	1	2026-10-02
expr_0411	411	気づくと自分が〜している	I find myself ...ing	/aɪ ˌFAɪND maɪˈSELF ...ɪŋ/	無意識に繰り返す自分の行動にふと気づくとき。	Before I knew it は時間・状況の変化に焦点。	I find myself checking my phone without realizing it.	/aɪ ˌFAɪND maɪˈSELF ˌTʃEK.ɪŋ maɪ ˈFOʊN wɪˌÐAʊT ˈRIː.əˌlaɪ.zɪŋ‿ɪt/	conversation	日常生活・一般	normal	1	2026-10-02
expr_0412	412	次に気づいたときには	The next thing I knew, ...	/ðə ˌNEKST θɪŋ aɪ ˈNUː/	急な展開や記憶の飛びを物語的に語るとき。	Before I knew it よりドラマチックで、次の場面への切り替わりが強い。	The next thing I knew, I was in the hospital.	/ðə ˌNEKST θɪŋ aɪ ˈNUː | aɪ wəz‿ɪn ðə ˈHɑː.spɪ.t̬əl/	discourse	会話のつなぎ・リアクション	normal	1	2026-10-02
expr_0413	413	告白・誘いを断られる	get rejected	/ɡet rɪˈDʒEK.tɪd/	恋愛に限らず応募・提案などを拒否される一般的な表現。	get turned down はより口語的。恋人に別れを告げられるなら get dumped。	I got rejected by someone I liked.	/aɪ ɡɑːt rɪˈDʒEK.tɪd baɪ ˌSʌM.wʌn aɪ ˈLAɪKT/	verb	人・感情・評価	normal	1	2026-10-02
expr_0414	414	誘い・提案を断られる	get turned down	/ɡet ˌTɝːND ˈDAʊN/	デートの誘い・依頼・提案などを断られるとき。	reject より会話的で柔らかい。	I asked her out, but she turned me down.	/aɪ ˌÆSKT‿ɚ ˈAʊT | bət ʃi ˌTɝːND mi ˈDAʊN/	phrasal verb	人・感情・評価	normal	1	2026-10-02
expr_0415	415	恋人に振られる	get dumped	/ɡet ˈDʌMPT/	交際相手から別れを告げられたときの口語表現。	付き合う前に断られる場合は get rejected / get turned down。	I got dumped by my girlfriend.	/aɪ ɡɑːt ˈDʌMPT baɪ maɪ ˈɡɝːLˌFREND/	conversation	人・感情・評価	normal	1	2026-10-02
expr_0416	416	後ろに・遅れて	behind	/bɪˈHAɪND/	位置・進捗・予定が前より後ろにあることを表す。	ahead の基本的な反対。	We’re behind schedule.	/wɪr bɪˌHAɪND ˈSKEDʒ.uːL/	preposition	時間・日課	normal	1	2026-10-02
expr_0417	417	中に入れない・立入禁止	keep out	/ˌKIːP ˈAʊT/	人・虫・熱などを中に入れない、または立入禁止を示す。	keep = 状態を保つ + out = 外に、という組み合わせ。	Close the window to keep the bugs out.	/ˌKLOʊZ ðə ˈWɪN.doʊ tə kiːp ðə ˌBʌɡZ ˈAʊT/	phrasal verb	家・家事	normal	1	2026-10-02
expr_0418	418	〜に入らない・〜を避ける	keep out of	/ˌKIːP ˈAʊT‿əv/	場所に入らない、または trouble など好ましくない状況を避ける。	keep out は「外に保つ」、keep out of は「〜の外に居続ける」。	Try to keep out of trouble.	/ˌTRAɪ tə kiːp ˈAʊT‿əv ˈTRʌB.əl/	phrasal verb	日常生活・一般	normal	1	2026-10-02
expr_0419	419	脱ぐ・離陸する	take off	/ˌTEɪK ˈɔːF/	服を脱ぐ、飛行機が離陸する、人気が急に出るなど。	off の「接触から離れる」感覚が共通。	Take your shoes off.	/ˌTEɪK jɚ ˈʃUːZ ˌɔːF/	phrasal verb	日常生活・一般	normal	1	2026-10-02
expr_0420	420	持ち去る・取り除く	take away	/ˌTEɪK əˈWEɪ/	物をその場から持ち去る、原因・痛みなどを取り除く。	take out より「その場から離して持っていく」に焦点。	Can you take this away?	/kən ju ˌTEɪK ðɪs əˈWEɪ/	phrasal verb	日常生活・一般	normal	1	2026-10-02
expr_0421	421	引き継ぐ・代わる	take over	/ˌTEɪK ˈOʊ.vɚ/	仕事・役割・会社などを他者から引き継ぐ。	over の「こちら側へ渡ってくる」感覚。	Can you take over for me?	/kən ju ˌTEɪK ˈOʊ.vɚ fər mi/	phrasal verb	仕事・組織	normal	1	2026-10-02
expr_0422	422	理解して受け止める	take in	/ˌTEɪK ˈɪN/	情報・状況・景色などを取り込み、理解・消化するとき。	情報量が多くて処理しきれない場面で a lot to take in が頻出。	It was a lot to take in.	/ɪt wəz‿ə ˌLɑːT tə teɪk ˈɪN/	phrasal verb	会話のつなぎ・リアクション	normal	1	2026-10-02
expr_0423	423	下ろす・取り外す	take down	/ˌTEɪK ˈDAʊN/	掲示物などを下ろす、構造物を解体する、情報を書き留める。	down の「上から下へ」が基本。	Can you take that sign down?	/kən ju ˌTEɪK ðæt ˈSAɪN daʊn/	phrasal verb	日常生活・一般	normal	1	2026-10-02
expr_0424	424	分解する	take apart	/ˌTEɪK əˈPɑːRT/	機械・おもちゃなどを部品単位に分ける。	apart の「離れ離れに」がそのまま意味になる。	He took the toy apart.	/hi ˌTʊK ðə ˈTɔɪ əˌPɑːRT/	phrasal verb	日常生活・一般	normal	1	2026-10-02
expr_0425	425	〜に似ている	take after	/ˌTEɪK ˈÆF.tɚ/	親・親族などに外見や性格が似ているとき。	look like より「家族から受け継いだ特徴」のニュアンスが出やすい。	He takes after his dad.	/hi ˌTEɪKS ˈÆF.tɚ hɪz ˈDÆD/	phrasal verb	子育て・家族	normal	1	2026-10-02
expr_0426	426	〜をすぐ好きになる・なじむ	take to	/ˌTEɪK ˈTUː/	新しい人・仕事・活動などを気に入り、自然になじむ。	like より「始めてみたらすぐ合った」という変化を含む。	She really took to the new job.	/ʃi ˌRɪL.i ˌTʊK tə ðə nuː ˈDʒɑːB/	phrasal verb	仕事・組織	normal	1	2026-10-02
expr_0427	427	人に八つ当たりする	take it out on someone	/ˌTEɪK‿ɪt ˈAʊT ɑːn ˌSʌM.wʌn/	別の原因で感じている怒り・ストレスを無関係な人にぶつける。	目的語 it は怒り・不満などをまとめて受ける。	Don’t take it out on me.	/doʊnt ˌTEɪK‿ɪt ˈAʊT ɑːn mi/	idiom	人・感情・評価	normal	1	2026-10-02
expr_0428	428	手順を順番に説明する	take someone through something	/ˌTEɪK ˌSʌM.wʌn ˈθRUː ˌSʌM.θɪŋ/	手続き・資料・プロセスを一段ずつ案内して説明する。	walk someone through とほぼ同じ感覚。	Let me take you through the process.	/let mi ˌTEɪK ju θruː ðə ˈPRɑː.ses/	phrasal verb	仕事・組織	normal	1	2026-10-02
expr_0429	429	仕事を1日休む	take a day off	/ˌTEɪK ə ˈDEɪ ˌɔːF/	休暇として仕事・学校を一日休む。	take tomorrow off のように曜日・日付を直接置くことも多い。	I’m taking tomorrow off.	/aɪm ˌTEɪ.kɪŋ təˈMɑːR.oʊ ˈɔːF/	conversation	時間・日課	normal	1	2026-10-02
expr_0430	430	新しく入った人の導入・受け入れ	onboarding	/ˈɑːnˌbɔːr.dɪŋ/	新入職員・研修医・ユーザーなどがスムーズに参加・定着するための導入プロセス。	orientation より広く、手続き・教育・定着支援まで含みやすい。	We need a better onboarding process for new staff.	/wi ˌNIːD ə ˌBET̬.ɚ ˈɑːnˌbɔːr.dɪŋ ˌPRɑː.ses fər ˌNUː ˈSTÆF/	work	仕事・組織	normal	1	2026-10-02
expr_0431	431	新しい人を導入する・受け入れる	onboard	/ɑːnˈBɔːRD/	新入職員やユーザーを組織・サービスに導入する動詞。	bring someone on は採用・参加させる意味が中心。onboard は導入プロセスまで含む。	We onboard new employees every April.	/wi ɑːnˌBɔːRD ˌNUː ɪmˈPLɔɪ.iːz ˌEV.ri ˈEɪ.prəl/	verb	仕事・組織	normal	1	2026-10-02
expr_0432	432	一度こんなことがあって	One time, ...	/ˌWʌN ˈTAɪM/	自分の過去の具体的なエピソードを自然に切り出す。	I remember a time when ... より短く即興会話で使いやすい。	One time, I had a patient who surprised me.	/ˌWʌN ˈTAɪM | aɪ hæd‿ə ˌPEɪ.ʃənt huː sərˈPRAɪZD mi/	discourse	会話のつなぎ・リアクション	normal	1	2026-10-02
expr_0433	433	そういえば、こんなことが一回あってさ	There was this one time when ...	/ðer wəz ðɪs wʌn ˌTAɪM wen/	聞き手をエピソードに引き込む、かなり会話的な語り出し。	this は「これから話す一件」を聞き手の前に持ち出す談話的な this。	There was this one time when I completely messed up.	/ðer wəz ðɪs wʌn ˌTAɪM wen aɪ kəmˌPLIːT.li mest ˈʌP/	discourse	会話のつなぎ・リアクション	normal	1	2026-10-02
expr_0434	434	非常に大量の〜	an enormous amount of	/ən ɪˈNɔːR.məs əˈMAʊNT‿əv/	不可算名詞の量が非常に大きいことを強調する。	日常会話では a ton of の方が軽い。	This takes an enormous amount of time.	/ðɪs teɪks ən ɪˈNɔːR.məs əˌMAʊNT‿əv ˈTAɪM/	vocab	日常生活・一般	normal	1	2026-10-02
expr_0435	435	非常に多数の〜	an enormous number of	/ən ɪˈNɔːR.məs ˈNʌM.bɚ‿əv/	可算名詞の数が非常に多いことを強調する。	amount は不可算、number は可算。	An enormous number of people showed up.	/ən ɪˈNɔːR.məs ˈNʌM.bɚ‿əv ˌPIː.pəl ʃoʊd ˈʌP/	vocab	日常生活・一般	normal	1	2026-10-02
expr_0436	436	ものすごくたくさんの	a ton of	/ə ˈTʌN‿əv/	日常会話で「めちゃくちゃたくさん」を軽く強調する。	a lot of より強くカジュアル。可算・不可算の両方に使いやすい。	I have a ton of work today.	/aɪ hæv‿ə ˈTʌN‿əv ˌWɝːK təˈDEɪ/	conversation	日常生活・一般	normal	1	2026-10-02
expr_0437	437	たくさんの	loads of	/ˈLOʊDZ‿əv/	会話で気軽に「たくさんの」。	特に英会話で自然。a lot of よりくだけた強調。	There were loads of people there.	/ðer wɚ ˈLOʊDZ‿əv ˌPIː.pəl ðer/	conversation	日常生活・一般	normal	1	2026-10-02
expr_0438	438	多すぎる・はるかに多すぎる	way too much	/weɪ tuː ˈMʌTʃ/	不可算名詞・程度が明らかに多すぎると強調する。	too much より感情的・会話的に強い。	We have way too much stuff.	/wi hæv weɪ tuː ˈMʌTʃ ˌSTʌF/	conversation	日常生活・一般	normal	1	2026-10-02
expr_0439	439	多すぎる・はるかに多すぎる	way too many	/weɪ tuː ˈMEN.i/	可算名詞の数が明らかに多すぎると強調する。	way too much の可算名詞版。	I have way too many tabs open.	/aɪ hæv weɪ tuː ˈMEN.i ˌTÆBZ ˈOʊ.pən/	conversation	日常生活・一般	normal	1	2026-10-02
expr_0440	440	ホットケーキ	pancake	/ˈPÆN.keɪK/	日本語のホットケーキを英語で言うときの基本語。	hotcake も語としてはあるが、日常的には pancake が基本。	I made pancakes for breakfast.	/aɪ meɪd ˈPÆN.keɪks fər ˈBREK.fəst/	food	料理・食事	normal	1	2026-10-02
expr_0441	441	ホットケーキの生地	pancake batter	/ˈPÆN.keɪK ˌBÆT̬.ɚ/	液状・半液状のホットケーキの生地。	dough は手で扱える固めの生地。batter は流せる生地。	Mix the tofu into the pancake batter.	/ˌMɪKS ðə ˈTOʊ.fuː‿ɪn.tə ðə ˈPÆN.keɪK ˌBÆT̬.ɚ/	food	料理・食事	normal	1	2026-10-02
expr_0442	442	偏食	picky eating	/ˈPɪK.i ˌIː.t̬ɪŋ/	子どもなどが食べられるものを選り好みする状態を日常的に表す。	selective eating はより客観的・専門的。	Picky eating is common in young children.	/ˈPɪK.i ˌIː.t̬ɪŋ ɪz ˌKɑː.mən ɪn ˌJʌŋ ˈTʃɪL.drən/	childcare	子育て・家族	normal	1	2026-10-02
expr_0443	443	偏食の人	a picky eater	/ə ˌPɪK.i ˈIː.t̬ɚ/	食べ物の好き嫌いが多い人を日常会話で言う。	人を指す名詞。picky eating は行動・状態。	He’s a picky eater.	/hiz‿ə ˌPɪK.i ˈIː.t̬ɚ/	childcare	子育て・家族	normal	1	2026-10-02
expr_0444	444	視野・経験の幅を広げる	broaden someone’s horizons	/ˌBRɔː.dən ˌSʌM.wʌnz həˈRAɪ.zənz/	新しい経験を通じて考え方・世界・経験の幅を広げる。	「人生を豊かにする」を自然に表すときにも便利。	Trying different foods can broaden his horizons.	/ˌTRAɪ.ɪŋ ˌDɪF.ɚ.ənt ˈFUːDZ kən ˌBRɔː.dən hɪz həˈRAɪ.zənz/	idiom	子育て・家族	normal	1	2026-10-02
expr_0445	445	人生にある多様な経験を味わう	experience more of what life has to offer	/ɪkˌSPɪR.i.əns ˌMɔːR‿əv wʌt ˌLAɪF hæz tə ˈɔː.fɚ/	子どもなどに多様な経験をして人生を豊かにしてほしいと述べる。	richer life より会話的で、「人生の楽しみ・可能性を味わう」感じ。	I want him to experience more of what life has to offer.	/aɪ ˌWɑːNT‿ɪm tə ɪkˌSPɪR.i.əns ˌMɔːR‿əv wʌt ˌLAɪF hæz tə ˈɔː.fɚ/	conversation	子育て・家族	normal	1	2026-10-02
expr_0446	446	いろいろ試したがどれもうまくいかなかった	none of them worked	/ˌNʌN‿əv ðəm ˈWɝːKT/	複数の方法を試したが結果が出なかったと会話で自然に言う。	they all failed より柔らかく自然。	I tried a lot of different things, but none of them worked.	/aɪ ˌTRAɪD ə ˌLɑːT‿əv ˌDɪF.ɚ.ənt ˈTHɪŋZ | bət ˌNʌN‿əv ðəm ˈWɝːKT/	conversation	会話のつなぎ・リアクション	normal	1	2026-10-02
expr_0447	447	当座の問題を解決する	solve the problem for now	/ˌSɑːLV ðə ˈPRɑːB.ləm fər ˈNAʊ/	根本解決ではないが、ひとまず現在の問題を処理できたとき。	immediate problem は目の前の差し迫った問題、for now は「当面」。	That solved the problem for now.	/ðæt ˌSɑːLVD ðə ˈPRɑːB.ləm fər ˈNAʊ/	conversation	仕事・組織	normal	1	2026-10-02
expr_0448	448	発達・開発・発展	development	/dɪˈVEL.əp.mənt/	人・能力・製品・制度などが育つ／作られるプロセス全般。	evolution は時間とともに変化、advancement は前進・高度化。	This program supports professional development.	/ðɪs ˈPROʊ.ɡræm səˌPɔːRTS prəˌFEʃ.ə.nəl dɪˈVEL.əp.mənt/	concept	学習・教育・研究	normal	1	2026-10-02
expr_0449	449	時間とともに変化する進化・変遷	evolution	/ˌev.əˈLUː.ʃən/	制度・役割・技術などが時間をかけて姿を変えること。	必ずしも改善を意味しない。advancement は前進という評価を含む。	The role has evolved over time.	/ðə ˈROʊL hæz ɪˌVɑːLVD ˌOʊ.vɚ ˈTAɪM/	concept	学習・教育・研究	normal	1	2026-10-02
expr_0450	450	あてもなくぶらぶらする	wander	/ˈWɑːN.dɚ/	目的地を厳密に決めず、気の向くまま歩く。思考・視線にも使う。	roam より「方向が定まっていない」ことに焦点。	We wandered around the old town.	/wi ˌWɑːN.dɚd əˌRAʊND ði ˌOʊLD ˈTAʊN/	verb	移動・旅行	normal	1	2026-10-02
expr_0451	451	広い範囲を自由に動き回る	roam	/ˈROʊM/	街・地域・野外などをあちこち自由に移動する。	wander より「行動範囲の広さ・自由さ」に焦点。	We roamed around the city all day.	/wi ˌROʊMD əˌRAʊND ðə ˈSɪT̬.i ɔːl ˈDEɪ/	verb	移動・旅行	normal	1	2026-10-02
expr_0452	452	横幅	width	/ˈWɪDθ/	道・机・画面など、測れる物理的な横幅。	breadth は抽象的な「広がり・範囲」によく使う。	What’s the width of this table?	/wʌts ðə ˈWɪDθ‿əv ðɪs ˈTEɪ.bəl/	noun	日常生活・一般	normal	1	2026-10-02
expr_0453	453	幅広さ・範囲の広さ	breadth	/ˈBREDθ/	知識・経験・議論など抽象的な広がり。	width は物理的な横幅。breadth and depth の組み合わせが定番。	I was impressed by the breadth of her experience.	/aɪ wəz ɪmˈPREST baɪ ðə ˈBREDθ‿əv hɚ ɪkˈSPɪR.i.əns/	noun	学習・教育・研究	normal	1	2026-10-02
expr_0454	454	注意深い	careful	/ˈKER.fəl/	ミス・事故を起こさないよう丁寧に注意するとき。	cautious は危険・リスクを警戒して慎重に構える。	Be careful on the stairs.	/bi ˈKER.fəl ɑːn ðə ˈSTERZ/	adjective	日常生活・一般	normal	1	2026-10-02
expr_0455	455	慎重な・警戒している	cautious	/ˈKɔː.ʃəs/	リスクがありそうなので簡単に踏み込まず慎重に判断するとき。	careful より「一歩引いて警戒する」感覚。	I’m cautious about using this medication in older patients.	/aɪm ˈKɔː.ʃəs əˌBAʊT ˈJUː.zɪŋ ðɪs ˌMED.əˈKEɪ.ʃən ɪn ˌOʊL.dɚ ˈPEɪ.ʃənts/	adjective	医療・診療	normal	1	2026-10-02
expr_0456	456	勝ちパターン・成功の方程式	a winning formula	/ə ˌWɪN.ɪŋ ˈFɔːR.mjə.lə/	成功を生む再現可能な組み合わせ・型を表す比喩。	equation より「こうすればうまくいく型」に強い。	We finally found a winning formula.	/wi ˌFAɪ.nəl.i ˌFAʊND ə ˌWɪN.ɪŋ ˈFɔːR.mjə.lə/	idiom	仕事・組織	normal	1	2026-10-02
expr_0457	457	全体を決める一要素	part of the equation	/ˌPɑːRT‿əv ði ɪˈKWEɪ.ʒən/	複数要因からなる問題で「それも要素の一つ」と述べる比喩。	formula は成功の型、equation は要素同士の組み合わせ。	Money is only part of the equation.	/ˈMʌN.i ɪz ˌOʊN.li ˌPɑːRT‿əv ði ɪˈKWEɪ.ʒən/	idiom	会話のつなぎ・リアクション	normal	1	2026-10-02
expr_0458	458	〜も考慮に入れる	factor something into the equation	/ˌFÆK.tɚ ˌSʌM.θɪŋ‿ɪn.tu ði ɪˈKWEɪ.ʒən/	判断時に追加の要素を計算・考慮に入れる。	take X out of the equation は逆に要素を除外する。	You have to factor family time into the equation.	/ju hæv tə ˌFÆK.tɚ ˈFÆM.ə.li ˌTAɪM‿ɪn.tu ði ɪˈKWEɪ.ʒən/	idiom	仕事・組織	normal	1	2026-10-02
expr_0459	459	〜を考慮対象から外す	take something out of the equation	/ˌTEɪK ˌSʌM.θɪŋ ˌAʊT‿əv ði ɪˈKWEɪ.ʒən/	ある要因を仮に除外して考える。	「〜抜きにしたらどうする？」のような会話で便利。	If you take money out of the equation, what would you choose?	/ɪf ju ˌTEɪK ˈMʌN.i ˌAʊT‿əv ði ɪˈKWEɪ.ʒən | ˌWʌT wəd ju ˈTʃUːZ/	idiom	会話のつなぎ・リアクション	normal	1	2026-10-02
expr_0460	460	前提・判断条件を変える	change the equation	/ˌTʃEɪNDʒ ði ɪˈKWEɪ.ʒən/	新しい要素の登場で、従来の判断や力関係が変わることを比喩的に言う。	単なる change the situation より「計算の前提が変わる」感じ。	AI has completely changed the equation.	/ˌeɪˈAɪ hæz kəmˌPLIːT.li ˌTʃEɪNDʒD ði ɪˈKWEɪ.ʒən/	idiom	仕事・組織	normal	1	2026-10-02
expr_0461	461	本腰を入れる	knuckle down	/ˌNʌK.əl ˈDAʊN/	気持ちを切り替えて集中し、本気で作業・勉強を始める。	tackle は課題そのものに取り組む。knuckle down は自分の態度の切り替え。	I need to knuckle down and finish this paper.	/aɪ ˌNIːD tə ˌNʌK.əl ˈDAʊN ən ˌFɪN.ɪʃ ðɪs ˈPEɪ.pɚ/	phrasal verb	学習・教育・研究	normal	1	2026-10-02
expr_0462	462	難しい課題に取り組む	tackle	/ˈTÆK.əl/	問題・課題に正面から取り組む。	knuckle down が自分の集中、tackle は取り組む対象に焦点。	I need to tackle the hardest part first.	/aɪ ˌNIːD tə ˈTÆK.əl ðə ˌHɑːR.dəst ˈPɑːRT fɝːst/	verb	仕事・組織	normal	1	2026-10-02
expr_0463	463	聞き覚え・見覚えがある	ring a bell	/ˌRɪŋ‿ə ˈBEL/	名前・場所・話などが記憶のどこかに引っかかるとき。	「ピンとくる」でも記憶系。理解が腑に落ちるなら click。	That name rings a bell.	/ðæt ˈNEɪM ˌRɪŋZ‿ə ˈBEL/	idiom	会話のつなぎ・リアクション	normal	1	2026-10-02
expr_0464	464	腑に落ちる・ピンとくる	click	/ˈKLɪK/	説明や考えが急に理解できて「分かった」となるとき。	ring a bell は記憶に引っかかる、click は理解・納得がつながる。	That finally clicked for me.	/ðæt ˌFAɪ.nəl.i ˈKLɪKT fər mi/	verb	学習・教育・研究	normal	1	2026-10-02
expr_0465	465	〜し続ける	keep doing	/ˌKIːP ˈDUː.ɪŋ/	日常会話で最も基本的な「同じ行動を続ける／繰り返す」。	keep on doing は延々・しつこく続く感じを足しやすい。	Keep practicing every day.	/ˌKIːP ˈPRÆK.tɪ.sɪŋ ˌEV.ri ˈDEɪ/	grammar	学習・教育・研究	normal	1	2026-10-02
expr_0466	466	ずっと・繰り返し〜し続ける	keep on doing	/ˌKIːP‿ɑːN ˈDUː.ɪŋ/	同じ行動を何度も・延々と続ける。	文脈によって軽い苛立ちや粘り強さが出る。	He kept on talking.	/hi ˌKEPT‿ɑːN ˈTɔː.kɪŋ/	grammar	会話のつなぎ・リアクション	normal	1	2026-10-02
expr_0467	467	継続して〜する	continue doing	/kənˌTɪN.juː ˈDUː.ɪŋ/	行動を中立的・客観的に継続するとき。	keep doing より少し客観的・文章的。	We continued working despite the delay.	/wi kənˌTɪN.juːd ˈWɝː.kɪŋ dɪˌSPAɪT ðə dɪˈLEɪ/	grammar	仕事・組織	normal	1	2026-10-02
expr_0468	468	そのまま〜を続行する	carry on doing	/ˌKÆR.i‿ɑːN ˈDUː.ɪŋ/	今している活動を中断せず、または再開して続ける。	keep on は反復、carry on は活動の続行に焦点。	She paused and then carried on working.	/ʃi ˌPɔːZD ən ðen ˌKÆR.id‿ɑːN ˈWɝː.kɪŋ/	grammar	仕事・組織	normal	1	2026-10-02
expr_0469	469	今までと同じことを続ける	go on doing	/ˌɡOʊ‿ɑːN ˈDUː.ɪŋ/	同じ行動を引き続き続ける。	go on to do は「次に別のことをする」なので区別。	He went on talking for another hour.	/hi ˌWENT‿ɑːN ˈTɔː.kɪŋ fər‿əˌNʌð.ɚ ˈAʊ.ɚ/	grammar	会話のつなぎ・リアクション	normal	1	2026-10-02
expr_0470	470	大変でも粘り強く続ける	keep at it	/ˌKIːP‿æt ˈɪT/	難しい勉強・練習・作業を諦めず続けるよう励ます。	keep going より「その作業に取り組み続ける」感じが強い。	It’s hard at first, but keep at it.	/ɪts ˌHɑːRD‿ət ˈFɝːST | bət ˌKIːP‿æt ˈɪT/	idiom	学習・教育・研究	normal	1	2026-10-02
expr_0471	471	そのまま続ける・頑張る	keep going	/ˌKIːP ˈɡOʊ.ɪŋ/	行動や努力を止めず続ける一般的な励まし。	単独の Keep on. より会話で自然。	You’re doing great. Keep going.	/jɚ ˌDUː.ɪŋ ˈɡREɪT | ˌKIːP ˈɡOʊ.ɪŋ/	conversation	会話のつなぎ・リアクション	normal	1	2026-10-02
expr_0472	472	それは確かにそうだけど	That’s true, but ...	/ðæts ˈTRUː | bət/	相手の言い分を認めてから反対・補足を出す最も使いやすい型。	日常会話の基本。	That’s true, but it’s still pretty expensive.	/ðæts ˈTRUː | bət ɪts stɪl ˌPRɪT̬.i ɪkˈSPEN.sɪv/	discourse	会話のつなぎ・リアクション	normal	1	2026-10-02
expr_0473	473	確かに〜ではあるけど	It’s true that ..., but ...	/ɪts ˈTRUː ðæt | bət/	一つの事実を明示的に認めてから対比を出す。	That’s true, but ... より少し構文的・説明的。	It’s true that he’s inexperienced, but he learns quickly.	/ɪts ˈTRUː ðæt hiz ˌɪn.ɪkˈSPɪR.i.ənst | bət hi ˌLɝːNZ ˈKWɪK.li/	discourse	会話のつなぎ・リアクション	normal	1	2026-10-02
expr_0474	474	まあ確かに〜だけど	Sure, ..., but ...	/ˈʃʊR | bət/	相手のポイントを軽く認めつつ自分の主張へ移る、非常に会話的な型。	ここでの sure は「もちろん」より「その点は認める」。	Sure, it’s convenient, but it’s expensive.	/ˈʃʊR | ɪts kənˈVIː.ni.ənt | bət ɪts ɪkˈSPEN.sɪv/	discourse	会話のつなぎ・リアクション	normal	1	2026-10-02
expr_0475	475	公平に言えば・確かに	To be fair, ...	/tə bi ˈFER/	相手側・反対側にも一理あると認めるとき。	単なる同意ではなく、バランスを取る前置き。	To be fair, he did warn us.	/tə bi ˈFER | hi dɪd ˈWɔːRN‿əs/	discourse	会話のつなぎ・リアクション	normal	1	2026-10-02
expr_0476	476	認めざるを得ないけど	I have to admit, ...	/aɪ hæv tə ədˈMɪT/	少し意外・不本意でも事実や評価を認めるとき。	That’s true より話し手自身の態度が前面に出る。	I have to admit, it worked pretty well.	/aɪ hæv tə ədˈMɪT | ɪt wɝːkt ˌPRɪT̬.i ˈWEL/	discourse	会話のつなぎ・リアクション	normal	1	2026-10-02
expr_0477	477	確かに〜ではある	Granted, ...	/ˈɡRÆN.tɪd/	反論前に相手の一点を認める。	やや議論的・文章的。日常会話では Sure, ... but ... の方が軽い。	Granted, it’s not perfect, but it’s good enough.	/ˈɡRÆN.tɪd | ɪts nɑːt ˈPɝː.fɪkt | bət ɪts ɡʊd ɪˈNʌF/	discourse	会話のつなぎ・リアクション	normal	1	2026-10-02
expr_0478	478	ねえ・そうだ・やっぱり	You know what?	/ju ˌNOʊ ˈWʌT/	話を切り出す、考えを変える、決意を出すときに相手の注意を向ける。	返事を待つ疑問ではなく、そのまま本題を続けることが多い。	You know what? Let’s just stay home.	/ju ˌNOʊ ˈWʌT | lets dʒəst ˌSTEɪ ˈHOʊM/	discourse	会話のつなぎ・リアクション	normal	1	2026-10-02
expr_0479	479	たった〜・〜にすぎない	only + a/an + noun	/ˈOʊN.li + ə/ən + naʊn/	a/an を含む名詞句全体を only が限定するとき。	an only child のような a/an + only + noun は「唯一の〜」という別構造。	It took only an hour.	/ɪt ˌTʊK ˌOʊN.li ən ˈAʊ.ɚ/	grammar	学習・教育・研究	normal	1	2026-10-02
expr_0480	480	一人っ子	an only child	/ən ˌOʊN.li ˈTʃAɪLD/	兄弟姉妹がいない子どもを表す定型表現。	only a child は「ただの子どもにすぎない」で別の意味。	He’s an only child.	/hiz‿ən ˌOʊN.li ˈTʃAɪLD/	grammar	子育て・家族	normal	1	2026-10-02
expr_0481	481	たった一つの正解	only one correct answer	/ˌOʊN.li wʌn kəˌREKT ˈÆN.sɚ/	正解の数が一つしかないことを強調する。	one が限定詞なので an は置かない。	There’s only one correct answer.	/ðerz ˌOʊN.li wʌn kəˌREKT ˈÆN.sɚ/	grammar	学習・教育・研究	normal	1	2026-10-02
expr_0482	482	唯一の正解	the only correct answer	/ði ˌOʊN.li kəˌREKT ˈÆN.sɚ/	他はすべて不正解で、それだけが正しいことを強調する。	only one は「数が1つ」、the only は「それだけが該当」。	That’s the only correct answer.	/ðæts ði ˌOʊN.li kəˌREKT ˈÆN.sɚ/	grammar	学習・教育・研究	normal	1	2026-10-02
expr_0483	483	例え話・類比	analogy	/əˈNÆL.ə.dʒi/	別のものになぞらえて概念を説明するとき。	example は具体例、analogy は構造の似た別のものに置き換える説明。	Let me use an analogy.	/let mi ˌJUːZ‿ən əˈNÆL.ə.dʒi/	noun	学習・教育・研究	normal	1	2026-10-02
expr_0484	484	いい例え	a good analogy	/ə ɡʊd əˈNÆL.ə.dʒi/	相手の比喩・類比が分かりやすいと評価する。	日常会話では That’s a great way to put it. も自然。	That’s a good analogy.	/ðæts‿ə ɡʊd əˈNÆL.ə.dʒi/	conversation	会話のつなぎ・リアクション	normal	1	2026-10-02
expr_0485	485	うまい言い方だね	That’s a great way to put it.	/ðæts‿ə ˌɡREɪT weɪ tə ˈPʊT‿ɪt/	相手の説明・表現・例えがうまいときに褒める。	analogy に限らず言い回し全般に使える。	That’s a great way to put it.	/ðæts‿ə ˌɡREɪT weɪ tə ˈPʊT‿ɪt/	conversation	会話のつなぎ・リアクション	normal	1	2026-10-02
expr_0486	486	一時停止ボタンを押す	hit pause	/ˌHɪT ˈPɔːZ/	動画・音声などを一時停止するときの自然な口語表現。	press pause より会話的。	Can you hit pause for a second?	/kən ju ˌHɪT ˈPɔːZ fər‿ə ˌSEK.ənd/	conversation	日常生活・一般	normal	1	2026-10-02
expr_0487	487	再生ボタンを押す	hit play	/ˌHɪT ˈPLEɪ/	動画・音声を再生するとき。	hit + ボタン名 は口語で広く使える。	Just hit play when you’re ready.	/dʒəst ˌHɪT ˈPLEɪ wen jɚ ˈRED.i/	conversation	日常生活・一般	normal	1	2026-10-02
expr_0488	488	送信ボタンを押す	hit send	/ˌHɪT ˈSEND/	メール・メッセージを送信する瞬間を口語的に言う。	press send より会話的。	I noticed the mistake right after I hit send.	/aɪ ˌNOʊ.t̬ɪst ðə mɪˈSTEɪK raɪt ˌÆF.tɚ aɪ ˌHɪT ˈSEND/	conversation	日常生活・一般	normal	1	2026-10-02
expr_0489	489	出発する	hit the road	/ˌHɪT ðə ˈROʊD/	旅行・移動で「そろそろ出発する」とカジュアルに言う。	leave より少し活気のある口語表現。	We should hit the road soon.	/wi ʃəd ˌHɪT ðə ˈROʊD suːn/	idiom	移動・旅行	normal	1	2026-10-02
expr_0490	490	ジムに行く	hit the gym	/ˌHɪT ðə ˈDʒɪM/	運動しにジムへ行くことをカジュアルに言う。	go to the gym よりくだけた言い方。	I’m going to hit the gym after work.	/aɪm ˌɡOʊ.ɪŋ tə ˌHɪT ðə ˈDʒɪM ˌÆF.tɚ ˈWɝːK/	idiom	日常生活・一般	normal	1	2026-10-02
expr_0491	491	シャワーを浴びに行く	hit the shower	/ˌHɪT ðə ˈʃAʊ.ɚ/	運動後などに「シャワー浴びてくる」とカジュアルに言う。	take a shower より行動開始の勢いがある。	I’m going to hit the shower.	/aɪm ˌɡOʊ.ɪŋ tə ˌHɪT ðə ˈʃAʊ.ɚ/	idiom	日常生活・一般	normal	1	2026-10-02
expr_0492	492	寝る	hit the sack	/ˌHɪT ðə ˈSÆK/	疲れて「もう寝る」とカジュアルに言う。	go to bed よりイディオム的でくだけている。	I’m exhausted. I’m going to hit the sack.	/aɪm ɪɡˈZɔː.stɪd | aɪm ˌɡOʊ.ɪŋ tə ˌHɪT ðə ˈSÆK/	idiom	時間・日課	normal	1	2026-10-02
expr_0493	493	ちょっとした問題にぶつかる	hit a snag	/ˌHɪT‿ə ˈSNÆɡ/	計画や作業の途中で小さな障害が発生する。	hit a wall より軽い・具体的な障害。	We hit a snag, but we sorted it out.	/wi ˌHɪT‿ə ˈSNÆɡ | bət wi ˌSɔːR.t̬ɪd‿ɪt ˈAʊT/	idiom	仕事・組織	normal	1	2026-10-02
expr_0494	494	すぐ意気投合する	hit it off	/ˌHɪT‿ɪt ˈɔːF/	初対面などで相性がよく、すぐ仲良くなる。	get along は継続的な関係、hit it off は最初から合う。	We hit it off right away.	/wi ˌHɪT‿ɪt ˈɔːF raɪt əˈWEɪ/	idiom	人・感情・評価	normal	1	2026-10-02
expr_0495	495	まさに欲しかった感じだ・満足させる	hit the spot	/ˌHɪT ðə ˈSPɑːT/	食べ物・飲み物・休憩などが今の欲求にぴったり合う。	「ちょうどこれが欲しかった」に近い。	That coffee really hit the spot.	/ðæt ˈKɔː.fi ˌRɪL.i ˌHɪT ðə ˈSPɑːT/	idiom	料理・食事	normal	1	2026-10-02
expr_0496	496	心に響く・現実味を帯びる	hit home	/ˌHɪT ˈHOʊM/	言葉・事実が自分ごととして強く響く。	resonate より「現実が刺さる」感じが出やすい。	That comment really hit home.	/ðæt ˈKɑː.ment ˌRɪL.i ˌHɪT ˈHOʊM/	idiom	人・感情・評価	normal	1	2026-10-02
expr_0497	497	節目に到達する	hit a milestone	/ˌHɪT‿ə ˈMAɪLˌSTOʊN/	仕事・学習・人生で重要な到達点に達する。	reach a milestone より少し口語的。	We just hit a major milestone.	/wi dʒəst ˌHɪT‿ə ˌMEɪ.dʒɚ ˈMAɪLˌSTOʊN/	idiom	仕事・組織	normal	1	2026-10-02
expr_0498	498	子どもをしつける	discipline a child	/ˈDɪS.ə.plɪn ə ˌTʃAɪLD/	子どもの行動に境界やルールを教える。	scold は叱る一場面、discipline は継続的なしつけ全体。	Parents need to discipline children consistently.	/ˈPER.ənts niːd tə ˈDɪS.ə.plɪn ˌTʃɪL.drən kənˈSɪS.tənt.li/	childcare	子育て・家族	normal	1	2026-10-02
expr_0499	499	気づいたら〜していた	I found myself ...ing	/aɪ ˌFAʊND maɪˈSELF ...ɪŋ/	自分が無意識にその行動をしていたと気づく。	自分の行動・状態に焦点。	I found myself checking my phone again.	/aɪ ˌFAʊND maɪˈSELF ˌTʃEK.ɪŋ maɪ ˈFOʊN əˌɡEN/	conversation	会話のつなぎ・リアクション	normal	1	2026-10-02
expr_0500	500	予定より遅れて	behind schedule	/bɪˌHAɪND ˈSKEDʒ.uːl/	予定より進捗が遅い時。	ahead of schedule の反対。	We’re a little behind schedule.	/wɪr ə ˌLɪT̬.əl bɪˌHAɪND ˈSKEDʒ.uːl/	work	仕事・組織	normal	1	2026-10-02
expr_0501	501	〜した時のことを覚えている	I remember when ...	/aɪ rɪˈMEM.bɚ wen .../	記憶を起点に体験談を始める。	具体的な昔話への自然な導入。	I remember when we first met.	/aɪ rɪˈMEM.bɚ wen wi ˌFɝːST ˈMET/	discourse	会話のつなぎ・リアクション	normal	1	2026-10-02
expr_0502	502	大量の	tons of	/ˈTʌNZ əv/	可算・不可算の両方に使える非常に口語的な大量表現。	a lot of より強くカジュアル。	We have tons of work to do.	/wi hæv ˌTʌNZ əv ˈWɝːK tə ˌDUː/	conversation	日常生活・一般	normal	1	2026-10-02
expr_0503	503	2つほど・少しの	a couple of	/ə ˈKʌP.əl əv/	通常はおよそ2つ・2人・2回。	a few より少なめの感覚。	I need a couple of minutes.	/aɪ ˌNIːD ə ˌKʌP.əl əv ˈMɪN.əts/	daily	日常生活・一般	normal	1	2026-10-02
expr_0504	504	選択的な食べ方・偏食	selective eating	/səˌLEK.tɪv ˈIː.t̬ɪŋ/	食べられる物が限られる状態をやや中立的に表す。	picky eating より評価的でなく説明的。	Selective eating is common in young children.	/səˌLEK.tɪv ˈIː.t̬ɪŋ ɪz ˌKɑː.mən ɪn jʌŋ ˈTʃɪL.drən/	childcare	子育て・家族	normal	1	2026-10-02
expr_0505	505	いろいろ食べて視野を広げてほしい	I want him to try different foods and broaden his horizons.	/aɪ ˌWɑːNT‿ɪm tə ˌTRAɪ ˌDɪF.ɚ.ənt ˈFUːDZ ən ˌBRɔː.dən hɪz həˈRAɪ.zənz/	子どもに食の経験を広げてほしい時。	broaden one’s horizons は経験を通じて世界を広げる。	I want him to try different foods and broaden his horizons.	/aɪ ˌWɑːNT‿ɪm tə ˌTRAɪ ˌDɪF.ɚ.ənt ˈFUːDZ ən ˌBRɔː.dən hɪz həˈRAɪ.zənz/	childcare	子育て・家族	normal	1	2026-10-02
expr_0506	506	いろいろ試したけど全部ダメだった	I tried a lot of different things, but none of them worked.	/aɪ ˌTRAɪD ə ˌLɑːT əv ˌDɪF.ɚ.ənt ˈθɪŋZ | bət ˌNʌN əv ðəm ˈWɝːKT/	複数の方法を試したが効果がなかった時。	自然な会話のまとめ方。	I tried a lot of different things, but none of them worked.	/aɪ ˌTRAɪD ə ˌLɑːT əv ˌDɪF.ɚ.ənt ˈθɪŋZ | bət ˌNʌN əv ðəm ˈWɝːKT/	conversation	日常生活・一般	normal	1	2026-10-02
expr_0507	507	当座の問題は解決した	That solved the problem for now.	/ðæt ˌSɑːLVD ðə ˈPRɑː.bləm fər ˈNAʊ/	一時的には問題が片付いた時。	恒久解決ではない含み。	That solved the problem for now.	/ðæt ˌSɑːLVD ðə ˈPRɑː.bləm fər ˈNAʊ/	conversation	日常生活・一般	normal	1	2026-10-02
expr_0508	508	目の前の問題は解決した	That solved the immediate problem.	/ðæt ˌSɑːLVD ði ɪˈMIː.di.ət ˈPRɑː.bləm/	直近の問題だけ解消したと客観的に述べる。	for now より分析的。	That solved the immediate problem, but not the underlying issue.	/ðæt ˌSɑːLVD ði ɪˈMIː.di.ət ˈPRɑː.bləm | bət nɑːt ði ˌʌn.dɚˈLAɪ.ɪŋ ˈɪʃ.uː/	work	仕事・組織	normal	1	2026-10-02
expr_0509	509	〜を要因として織り込む	factor X into the equation	/ˌFÆK.tɚ ˈEKS ˌɪN.tu ði ɪˈKWEɪ.ʒən/	判断や計算に要因Xを含める。	equation は比喩的に「判断を決める要素の全体」。	We need to factor cost into the equation.	/wi ˌNIːD tə ˌFÆK.tɚ ˈKɔːST ˌɪN.tu ði ɪˈKWEɪ.ʒən/	idiom	仕事・組織	normal	1	2026-10-02
expr_0510	510	〜を考慮から外す	take X out of the equation	/ˌTEɪK ˈEKS ˌAʊT əv ði ɪˈKWEɪ.ʒən/	要因Xを判断材料から除外する。	factor X into ... の逆方向。	If we take cost out of the equation, this is the best option.	/ɪf wi ˌTEɪK ˈKɔːST ˌAʊT əv ði ɪˈKWEɪ.ʒən | ðɪs ɪz ðə ˌBEST ˈɑːP.ʃən/	idiom	仕事・組織	normal	1	2026-10-02
expr_0511	511	本腰を入れる	buckle down	/ˌBʌK.əl ˈDAʊN/	気持ちを切り替えて真剣に取り組み始める。	knuckle down と近く、会話的。	I need to buckle down and finish this paper.	/aɪ ˌNIːD tə ˌBʌK.əl ˈDAʊN ən ˌFɪN.ɪʃ ðɪs ˈPEɪ.pɚ/	phrasal verb	学習・教育・研究	normal	1	2026-10-02
expr_0512	512	自分に響く	resonate with me	/ˈREZ.əˌneɪt wɪð ˈMIː/	考え・言葉・経験が自分の感覚や価値観に深く響く。	ring a bell は記憶の既視感、resonate は共鳴。	That idea really resonated with me.	/ðæt aɪˈDIː.ə ˌRɪL.i ˈREZ.əˌneɪ.t̬ɪd wɪð ˈMIː/	conversation	人・感情・評価	normal	1	2026-10-02
expr_0513	513	具体例	example	/ɪɡˈZÆM.pəl/	具体的な事例を示す。	analogy は別のものとの類比で理解させる。	Let me give you an example.	/let mi ˌɡɪV ju ən ɪɡˈZÆM.pəl/	noun	学習・教育・研究	normal	1	2026-10-02
expr_0514	514	保持する・失わず保つ	retain	/rɪˈTEɪN/	知識・人材・権利などを失わず持ち続ける。	maintain は状態・水準を保つために働きかける。	It’s hard to retain everything you learn.	/ɪts ˌHɑːRD tə rɪˈTEɪN ˌEV.riˌθɪŋ ju ˈLɝːN/	verb	学習・教育・研究	normal	1	2026-10-02
expr_0515	515	維持する	maintain	/meɪnˈTEɪN/	状態・質・機能を一定に保つ。	retain は持っているものを失わないことに焦点。	We need to maintain the quality of care.	/wi ˌNIːD tə meɪnˈTEɪN ðə ˌKWɑː.lə.t̬i əv ˈKER/	verb	仕事・組織	normal	1	2026-10-02
expr_0516	516	時間に追われて焦る	feel rushed	/ˌFIːL ˈRʌʃT/	時間圧で急かされている感覚。	flustered は焦って頭が回らない状態。	I feel rushed when the clinic gets busy.	/aɪ ˌFIːL ˈRʌʃT wen ðə ˌKLɪN.ɪk ɡets ˈBɪZ.i/	emotion	医療・診療	normal	1	2026-10-02
expr_0517	517	焦ってあたふたする	get flustered	/ɡet ˈFLʌS.tɚd/	緊張や混乱で落ち着きを失う。	feel rushed より精神的な動揺。	I tend to get flustered when I’m interrupted.	/aɪ ˌTEND tə ɡet ˈFLʌS.tɚd wen aɪm ˌɪn.t̬ɚˈRʌP.tɪd/	emotion	日常生活・一般	normal	1	2026-10-02
expr_0518	518	パニックになる	panic	/ˈPÆN.ɪk/	強い不安で冷静さを失う。	get flustered より強い。	Try not to panic.	/ˌTRAɪ nɑːt tə ˈPÆN.ɪk/	verb	人・感情・評価	normal	1	2026-10-02
expr_0519	519	結果を急いで焦る	get impatient	/ɡet ɪmˈPEɪ.ʃənt/	待てずにいら立ち・焦りが出る。	時間圧というより結果を早く求める気持ち。	I get impatient when progress is slow.	/aɪ ɡet ɪmˈPEɪ.ʃənt wen ˌPRɑː.ɡres ɪz ˈSLOʊ/	emotion	人・感情・評価	normal	1	2026-10-02
expr_0520	520	〜を意識して配慮する	be mindful of	/bi ˈMAɪND.fəl əv/	周囲・影響・事情を頭に置いて行動する。	be careful はミス回避、mindful は配慮。	We need to be mindful of the patient’s concerns.	/wi ˌNIːD tə bi ˈMAɪND.fəl əv ðə ˈPEɪ.ʃənts kənˈSɝːNZ/	conversation	医療・診療	normal	1	2026-10-02
expr_0521	521	〜に思いやりをもつ	be considerate of	/bi kənˈSɪD.ɚ.ət əv/	相手の感情・ニーズを考えて配慮する。	mindful より対人配慮が明確。	Please be considerate of the other patients.	/pliːz bi kənˈSɪD.ɚ.ət əv ði ˌʌð.ɚ ˈPEɪ.ʃənts/	conversation	医療・診療	normal	1	2026-10-02
expr_0522	522	〜から成る	consist of	/kənˈSɪST‿əv/	全体が複数の部分から構成される。	whole consists of parts の向き。	The program consists of three modules.	/ðə ˈPROʊ.ɡræm kənˌSɪSTS‿əv ˌθRIː ˈMɑː.dʒuːlz/	academic	学習・教育・研究	normal	1	2026-10-02
expr_0523	523	〜から成る	be made up of	/bi ˌMEɪD‿ʌP‿əv/	構成要素を会話的に説明する。	consist of より口語的。	The team is made up of five doctors.	/ðə ˌTIːM ɪz ˌMEɪD‿ʌP‿əv ˌFAɪV ˈDɑːK.tɚz/	conversation	仕事・組織	normal	1	2026-10-02
expr_0524	524	先走る・早まる	jump the gun	/ˌDʒʌMP ðə ˈɡʌN/	十分な時期・情報より先に行動や判断をする。	get ahead of yourself は考えが先に進みすぎる。	I may have jumped the gun.	/aɪ meɪ hæv ˌDʒʌMPT ðə ˈɡʌN/	idiom	会話のつなぎ・リアクション	normal	1	2026-10-02
expr_0525	525	先のことを考えすぎる	get ahead of yourself	/ɡet əˌHED‿əv jɚˈSELF/	まだそこまで進んでいないのに先を考えすぎる。	jump the gun は実際に早く行動するニュアンス。	Don’t get ahead of yourself.	/ˌDOʊNT ɡet əˌHED‿əv jɚˈSELF/	idiom	会話のつなぎ・リアクション	normal	1	2026-10-02
expr_0526	526	結局〜することになる	end up + -ing	/ˌEND‿ʌP ...ɪŋ/	意図せず最終的にその結果になる。	単なる become より経過の末の結果。	We ended up staying another night.	/wi ˌEN.dɪd‿ʌP ˌSTEɪ.ɪŋ əˌNʌð.ɚ ˈNAɪT/	grammar	会話のつなぎ・リアクション	normal	1	2026-10-02
expr_0527	527	〜に変わる	turn into	/ˌTɝːN ˈɪN.tuː/	別のもの・状態へ変化する。	become より変化のイメージが強い。	The discussion turned into an argument.	/ðə dɪˈSKʌʃ.ən ˌTɝːND ˈɪN.tuː ən ˈɑːR.ɡjə.mənt/	phrasal verb	日常生活・一般	normal	1	2026-10-02
expr_0528	528	交流・相互作用	interaction	/ˌɪn.t̬ɚˈÆK.ʃən/	人同士・要素同士が影響し合うこと。	exchange は相互に何かをやり取りすること。	The interaction with students was valuable.	/ði ˌɪn.t̬ɚˈÆK.ʃən wɪð ˈSTUː.dənts wəz ˈVÆL.jə.bəl/	noun	学習・教育・研究	normal	1	2026-10-02
expr_0529	529	〜と交流する	interact with	/ˌɪn.t̬ɚˈÆKT wɪð/	人や集団と関わり合う。	socialize は社交・雑談寄り。	Students interacted with local residents.	/ˈSTUː.dənts ˌɪn.t̬ɚˈÆK.tɪd wɪð ˌLOʊ.kəl ˈREZ.ə.dənts/	verb	学習・教育・研究	normal	1	2026-10-02
expr_0530	530	相互交流・交換	exchange	/ɪksˈTʃEɪNDʒ/	情報・意見・文化などを互いにやり取りする。	interaction より交換内容を意識。	We had a useful exchange of ideas.	/wi hæd ə ˌJUːS.fəl ɪksˌTʃEɪNDʒ əv aɪˈDIː.əz/	noun	学習・教育・研究	normal	1	2026-10-02
expr_0531	531	社交する・交流する	socialize	/ˈSOʊ.ʃəˌlaɪz/	雑談・食事などを通じて人と交流する。	professional な人脈作りは network。	We had time to socialize after the meeting.	/wi hæd ˌTAɪM tə ˈSOʊ.ʃəˌlaɪz ˌÆF.tɚ ðə ˈMIː.t̬ɪŋ/	verb	人・感情・評価	normal	1	2026-10-02
expr_0532	532	人脈を作る	network	/ˈNETˌWɝːK/	仕事・学会などで人とつながる。	socialize より職業的目的が強い。	The conference was a good chance to network.	/ðə ˈKɑːn.fɚ.əns wəz ə ɡʊd ˌTʃÆNS tə ˈNETˌWɝːK/	verb	仕事・組織	normal	1	2026-10-02
expr_0533	533	もっとお互いを知る	get to know each other better	/ˌɡET tə ˌNOʊ iːtʃ ˌʌð.ɚ ˈBET̬.ɚ/	交流を深めることを自然な会話で言う。	deepen our interaction より日常的。	This gave us a chance to get to know each other better.	/ðɪs ˌɡEɪV əs ə ˌTʃÆNS tə ɡet tə ˌNOʊ iːtʃ ˌʌð.ɚ ˈBET̬.ɚ/	conversation	人・感情・評価	normal	1	2026-10-02
expr_0534	534	言いたいことは分かる	I hear you.	/aɪ ˈHɪR ju/	相手の言い分を受け止めたことを示す。	同意とは限らず、I hear you, but ... と反論にも使える。	I hear you, but I still have some concerns.	/aɪ ˈHɪR ju | bət aɪ stɪl hæv səm kənˈSɝːNZ/	discourse	会話のつなぎ・リアクション	normal	1	2026-10-02
expr_0535	535	そう考える理由は分かる	I get where you’re coming from.	/aɪ ˌɡET wer jɚ ˈKʌM.ɪŋ frəm/	相手の背景・論理・感情を理解したと示す。	柔らかい反対意見の前置きに特に便利。	I get where you’re coming from, but I see it differently.	/aɪ ˌɡET wer jɚ ˈKʌM.ɪŋ frəm | bət aɪ ˌSIː ɪt ˈDɪF.rənt.li/	conversation	会話のつなぎ・リアクション	normal	1	2026-10-02
expr_0536	536	失礼ながら意見が違います	I beg to differ.	/aɪ ˌBEɡ tə ˈDɪF.ɚ/	明確に異論を示す。	丁寧だがややフォーマルで、場合によっては強く響く。	I beg to differ on that point.	/aɪ ˌBEɡ tə ˈDɪF.ɚ ɑːn ðæt ˈPɔɪNT/	discourse	会話のつなぎ・リアクション	normal	1	2026-10-02
expr_0537	537	私は違う見方をしている	I see it differently.	/aɪ ˌSIː ɪt ˈDɪF.rənt.li/	相手を否定せず自分の見方を示す。	I beg to differ より柔らかい。	I understand your point, but I see it differently.	/aɪ ˌʌn.dɚˈSTÆND jɚ ˈPɔɪNT | bət aɪ ˌSIː ɪt ˈDɪF.rənt.li/	conversation	会話のつなぎ・リアクション	normal	1	2026-10-02
expr_0538	538	葛藤している	I’m conflicted.	/aɪm kənˈFLɪK.tɪd/	複数の感情・価値観がぶつかって迷う。	I’m torn は選択肢の間で揺れる感じ。	I’m conflicted about leaving the team.	/aɪm kənˈFLɪK.tɪd əˌBAʊT ˌLIː.vɪŋ ðə ˈTIːM/	emotion	人・感情・評価	normal	1	2026-10-02
expr_0539	539	どちらにするか迷っている	I’m torn.	/aɪm ˈTɔːRN/	二つの選択肢・気持ちの間で引き裂かれる感覚。	conflicted より二択のイメージが強い。	I’m torn between staying and moving.	/aɪm ˈTɔːRN bɪˌTWIːN ˌSTEɪ.ɪŋ ən ˈMUː.vɪŋ/	emotion	人・感情・評価	normal	1	2026-10-02
expr_0540	540	内面的な葛藤	inner conflict	/ˌɪn.ɚ ˈKɑːN.flɪkt/	価値観や欲求が心の中で衝突する状態。	客観的・説明的な名詞表現。	The decision created a lot of inner conflict.	/ðə dɪˈSɪʒ.ən kriˌEɪ.t̬ɪd ə ˌLɑːT əv ˌɪn.ɚ ˈKɑːN.flɪkt/	noun	人・感情・評価	normal	1	2026-10-02
expr_0541	541	何かが引っかかっている	Something’s bothering me.	/ˈSʌM.θɪŋz ˈBɑː.ðɚ.ɪŋ mi/	はっきり言語化できない違和感・心配がある。	軽い不安から持続する気がかりまで広い。	Something’s been bothering me about this plan.	/ˈSʌM.θɪŋz bɪn ˈBɑː.ðɚ.ɪŋ mi əˌBAʊT ðɪs ˈPLÆN/	conversation	人・感情・評価	normal	1	2026-10-02
expr_0542	542	なんとなく腑に落ちない	Something about it doesn’t sit right with me.	/ˈSʌM.θɪŋ əˌBAʊT‿ɪt ˌDʌZ.ənt sɪt ˈRAɪT wɪð mi/	理由は説明しづらいが違和感がある。	倫理的・直感的な「しっくりこない」にも使う。	Something about that explanation doesn’t sit right with me.	/ˈSʌM.θɪŋ əˌBAʊT ðæt ˌek.spləˈNEɪ.ʃən ˌDʌZ.ənt sɪt ˈRAɪT wɪð mi/	idiom	人・感情・評価	normal	1	2026-10-02
expr_0543	543	落ち着かない・心がざわつく	I feel unsettled.	/aɪ ˌFIːL ʌnˈSET̬.əld/	不安定で落ち着かない気持ちを表す。	bothered より漠然とした不安。	I still feel unsettled about what happened.	/aɪ stɪl ˌFIːL ʌnˈSET̬.əld əˌBAʊT wʌt ˈHÆP.ənd/	emotion	人・感情・評価	normal	1	2026-10-02
expr_0544	544	ずっと引っかかる感じがする	I have this nagging feeling.	/aɪ hæv ðɪs ˌNÆɡ.ɪŋ ˈFIː.lɪŋ/	小さいが繰り返し頭から離れない不安・違和感。	nagging は持続して気になる感じ。	I have this nagging feeling that we missed something.	/aɪ hæv ðɪs ˌNÆɡ.ɪŋ ˈFIː.lɪŋ ðæt wi ˌMɪST ˈSʌM.θɪŋ/	conversation	人・感情・評価	normal	1	2026-10-02
expr_0545	545	〜に集中する	focus on	/ˈFOʊ.kəs‿ɑːn/	注意・努力を一つの対象に集中させる。	pay attention to より継続的な集中。	Let’s focus on the main issue.	/lets ˈFOʊ.kəs‿ɑːn ðə ˌMEɪN ˈɪʃ.uː/	verb	学習・教育・研究	normal	1	2026-10-02
expr_0546	546	〜に注意を向ける	pay attention to	/ˌPEɪ əˈTEN.ʃən tə/	意識して注意を向ける。	focus on より「見落とさないよう注意」の意味にも広い。	Pay attention to how the patient describes the pain.	/ˌPEɪ əˈTEN.ʃən tə haʊ ðə ˈPEɪ.ʃənt dɪˌSKRAɪBZ ðə ˈPEɪN/	conversation	医療・診療	normal	1	2026-10-02
expr_0547	547	〜を検討する・見る	look at	/ˈLʊK‿æt/	研究・議論で対象を調べる、検討する。	日常の「見る」だけでなく分析にも自然。	The study looked at how students learned from patients.	/ðə ˌSTʌD.i ˈLʊKT‿æt haʊ ˈSTUː.dənts lɝːnd frəm ˈPEɪ.ʃənts/	academic	学習・教育・研究	normal	1	2026-10-02
expr_0548	548	〜を強調する	highlight	/ˈHAɪˌLAɪT/	重要点を目立たせる。	focus on は注意を集中、highlight は重要性を示す。	The findings highlight the importance of reflection.	/ðə ˈFAɪN.dɪŋz ˌHAɪˌLAɪT ði ɪmˈPɔːR.təns əv rɪˈFLEK.ʃən/	academic	学習・教育・研究	normal	1	2026-10-02
expr_0549	549	注目を集める	attract attention	/əˌTRÆKT əˈTEN.ʃən/	人々の注意を引く。	pay attention は注意を向ける側。	The issue has attracted increasing attention.	/ði ˈɪʃ.uː hæz əˌTRÆK.tɪd ɪnˌKRIː.sɪŋ əˈTEN.ʃən/	academic	学習・教育・研究	normal	1	2026-10-02
expr_0550	550	臨床の現場	clinical setting	/ˈKLɪN.ɪ.kəl ˌSET̬.ɪŋ/	診療が行われる環境を広く指す。	clinical practice は実際の診療行為。	This skill is useful in a clinical setting.	/ðɪs ˌSKɪL ɪz ˈJUːS.fəl ɪn ə ˈKLɪN.ɪ.kəl ˌSET̬.ɪŋ/	medical	医療・診療	normal	1	2026-10-02
expr_0551	551	医療現場	healthcare setting	/ˈHELθˌKER ˌSET̬.ɪŋ/	医師だけでなく看護・多職種を含む医療環境。	clinical setting より広い。	The intervention was tested in several healthcare settings.	/ði ˌɪn.t̬ɚˈVEN.ʃən wəz ˌTES.tɪd ɪn ˌSEV.ɚ.əl ˈHELθˌKER ˌSET̬.ɪŋz/	medical	医療・診療	normal	1	2026-10-02
expr_0552	552	医療の最前線で	on the front lines of healthcare	/ɑːn ðə ˈFRʌNT ˌLAɪNZ əv ˈHELθˌKER/	医療現場の第一線を強調する。	ややドラマチックな表現。	They work on the front lines of healthcare.	/ðeɪ ˌWɝːK ɑːn ðə ˈFRʌNT ˌLAɪNZ əv ˈHELθˌKER/	idiom	医療・診療	normal	1	2026-10-02
expr_0553	553	〜を尊敬し憧れる	look up to	/ˌLʊK ˈʌP tə/	人を尊敬し、自分もそうなりたい気持ちを含みやすい。	admire より人物への憧れが強い。	I’ve always looked up to doctors who work in rural areas.	/aɪv ˌɔːl.weɪz lʊkt ˈʌP tə ˈDɑːK.tɚz huː wɝːk ɪn ˈRʊR.əl ˌER.i.əz/	phrasal verb	人・感情・評価	normal	1	2026-10-02
expr_0554	554	〜をすごいと思う・敬服する	admire	/ədˈMAɪR/	人・能力・姿勢を高く評価する。	look up to より「自分もなりたい」の含みは弱い。	I really admire the way she teaches.	/aɪ ˌRɪL.i ədˈMAɪR ðə ˌWEɪ ʃi ˈTIː.tʃɪz/	verb	人・感情・評価	normal	1	2026-10-02
expr_0555	555	〜になることを志す	aspire to be	/əˌSPAɪR tə ˈBIː/	将来そうなりたいと高い目標を持つ。	want to be より志・目標の響きが強い。	I aspire to be a better educator.	/aɪ əˌSPAɪR tə bi ə ˌBET̬.ɚ ˈEDʒ.əˌkeɪ.t̬ɚ/	verb	学習・教育・研究	normal	1	2026-10-02
expr_0556	556	ずっと〜を夢見てきた	have always dreamed of	/hæv ˌɔːl.weɪz ˈDRIːMD‿əv/	長年の夢・憧れを表す。	aspire より感情的。	I’ve always dreamed of studying abroad.	/aɪv ˌɔːl.weɪz ˈDRIːMD‿əv ˌSTʌD.i.ɪŋ əˈBRɔːD/	conversation	人・感情・評価	normal	1	2026-10-02
expr_0557	557	ずっと〜になりたかった	have always wanted to be	/hæv ˌɔːl.weɪz ˌWɑːN.tɪd tə ˈBIː/	長年の希望を会話的に言う。	dreamed of より日常的。	I’ve always wanted to be a family doctor.	/aɪv ˌɔːl.weɪz ˌWɑːN.tɪd tə bi ə ˈFÆM.ə.li ˌDɑːK.tɚ/	conversation	人・感情・評価	normal	1	2026-10-02
expr_0558	558	敬意・憧れ	admiration	/ˌæd.məˈREɪ.ʃən/	人や能力への尊敬・感嘆。	aspiration は自分が目指す将来像。	I have great admiration for her work.	/aɪ hæv ˌɡREɪT ˌæd.məˈREɪ.ʃən fər hɚ ˈWɝːK/	noun	人・感情・評価	normal	1	2026-10-02
expr_0559	559	志・目標	aspiration	/ˌæs.pəˈREɪ.ʃən/	将来達成したい高い目標。	admiration は他者への敬意。	Teaching has always been one of my aspirations.	/ˈTIː.tʃɪŋ hæz ˌɔːl.weɪz bɪn wʌn əv maɪ ˌæs.pəˈREɪ.ʃənz/	noun	学習・教育・研究	normal	1	2026-10-02
expr_0560	560	自分の進歩を見守るメンター	a mentor who follows my progress	/ə ˈMEN.tɔːr huː ˌFɑː.loʊz maɪ ˈPRɑː.ɡres/	継続的に成長を見守る指導者を表す。	follow progress は経時的に進捗を追う。	I’d like a mentor who follows my progress over time.	/aɪd ˌLAɪK ə ˈMEN.tɔːr huː ˌFɑː.loʊz maɪ ˈPRɑː.ɡres ˌOʊ.vɚ ˈTAɪM/	education	学習・教育・研究	normal	1	2026-10-02
expr_0561	561	成長を見守ってくれる人	someone who watches me grow	/ˈSʌM.wʌn huː ˌWɑː.tʃɪz mi ˈɡROʊ/	温かいニュアンスで成長を見守る人。	mentor より人間的・情緒的。	It helps to have someone who watches you grow.	/ɪt ˌHELPS tə hæv ˌSʌM.wʌn huː ˌWɑː.tʃɪz ju ˈɡROʊ/	conversation	人・感情・評価	normal	1	2026-10-02
expr_0562	562	先祖を敬う	honor one’s ancestors	/ˌɑː.nɚ wʌnz ˈÆN.ses.tɚz/	先祖を敬い、記憶や儀礼を大切にする。	respect より行動・儀礼を含みやすい。	The festival is a time to honor our ancestors.	/ðə ˈFES.tə.vəl ɪz ə ˌTAɪM tə ˌɑː.nɚ aʊɚ ˈÆN.ses.tɚz/	conversation	日常生活・一般	normal	1	2026-10-02
expr_0563	563	先祖を尊重する	respect one’s ancestors	/rɪˌSPEKT wʌnz ˈÆN.ses.tɚz/	先祖への敬意を表す。	honor より一般的な尊重。	Respect for one’s ancestors is important in many cultures.	/rɪˈSPEKT fər wʌnz ˈÆN.ses.tɚz ɪz ɪmˈPɔːR.tənt ɪn ˌMEN.i ˈKʌL.tʃɚz/	conversation	日常生活・一般	normal	1	2026-10-02
expr_0564	564	実用的な	practical	/ˈPRÆK.tɪ.kəl/	現場で実際に役立つ。	useful より現実的・実践的なニュアンス。	This is a practical way to teach the skill.	/ðɪs ɪz ə ˌPRÆK.tɪ.kəl ˈWEɪ tə ˌTIːTʃ ðə ˈSKɪL/	adjective	学習・教育・研究	normal	1	2026-10-02
expr_0565	565	便利で使える	handy	/ˈHÆN.di/	手元にあると便利、ちょっと役立つ。	practical よりカジュアル。	This phrase comes in handy when you travel.	/ðɪs ˌFREɪZ kʌmz ɪn ˈHÆN.di wen ju ˈTRÆV.əl/	adjective	日常生活・一般	normal	1	2026-10-02
expr_0566	566	役に立つ	helpful	/ˈHELP.fəl/	人・助言・情報などが助けになる。	useful より人への助けのニュアンスも強い。	That explanation was really helpful.	/ðæt ˌek.spləˈNEɪ.ʃən wəz ˌRɪL.i ˈHELP.fəl/	adjective	日常生活・一般	normal	1	2026-10-02
expr_0567	567	効果的な	effective	/ɪˈFEK.tɪv/	望む結果を実際に生む。	useful は役立つ、effective は成果が出る。	This approach is effective for beginners.	/ðɪs əˈPROʊTʃ ɪz ɪˈFEK.tɪv fər bɪˈɡɪN.ɚz/	adjective	学習・教育・研究	normal	1	2026-10-02
expr_0568	568	適用可能な	applicable	/əˈPLɪK.ə.bəl/	特定の状況に当てはめて使える。	academic・formal な「適用できる」。	The findings may not be applicable to small hospitals.	/ðə ˈFAɪN.dɪŋz meɪ nɑːt bi əˈPLɪK.ə.bəl tə smɔːl ˈHɑː.spɪ.t̬əlz/	academic	学習・教育・研究	normal	1	2026-10-02
expr_0569	569	いざという時に役立つ	come in handy	/ˌKʌM‿ɪn ˈHÆN.di/	必要になった時に便利さを発揮する。	handy の定番チャンク。	This tip will come in handy later.	/ðɪs ˌTɪP wəl ˌKʌM‿ɪn ˈHÆN.di ˌLEɪ.t̬ɚ/	idiom	日常生活・一般	normal	1	2026-10-02
expr_0570	570	十分役目を果たす	do the job	/ˌDUː ðə ˈDʒɑːB/	完璧ではなくても目的には十分。	good enough の実用的な言い方。	It’s not perfect, but it does the job.	/ɪts nɑːt ˈPɝː.fɪkt | bət ɪt dʌz ðə ˈDʒɑːB/	idiom	日常生活・一般	normal	1	2026-10-02
expr_0571	571	使用可能な	usable	/ˈJUː.zə.bəl/	実際に使える状態・形式である。	useful は価値、usable は使用可能性。	The data are usable for our analysis.	/ðə ˌDEɪ.t̬ə ɑːr ˈJUː.zə.bəl fər aʊɚ əˈNÆL.ə.sɪs/	adjective	学習・教育・研究	normal	1	2026-10-02
expr_0572	572	価値のある	valuable	/ˈVÆL.jə.bəl/	情報・経験・時間などに高い価値がある。	useful より価値の大きさに焦点。	The feedback was extremely valuable.	/ðə ˈFIːD.bæk wəz ɪkˌSTRIːM.li ˈVÆL.jə.bəl/	adjective	学習・教育・研究	normal	1	2026-10-02
expr_0573	573	強大な力・威力	might	/ˈMAɪT/	大きな軍事力・国家的な力などを強調する名詞。	power より文学的・重厚。	The country demonstrated its military might.	/ðə ˈKʌN.tri ˌDEM.ənˌstreɪ.t̬ɪd ɪts ˌMɪL.əˌter.i ˈMAɪT/	noun	学習・教育・研究	normal	1	2026-10-02
expr_0574	574	力・権力・能力	power	/ˈPAʊ.ɚ/	能力・権力・影響力・エネルギーまで広く使う。	might より一般的。	The decision shifted political power.	/ðə dɪˈSɪʒ.ən ˌʃɪF.tɪd pəˌLɪT̬.ə.kəl ˈPAʊ.ɚ/	noun	学習・教育・研究	normal	1	2026-10-02
expr_0575	575	軍事力	military might	/ˈMɪL.əˌter.i ˈMAɪT/	国の強大な軍事力を重厚に表す。	military power より修辞的。	The parade was designed to display military might.	/ðə pəˈREɪD wəz dɪˌZAɪND tə dɪˌSPLEɪ ˈMɪL.əˌter.i ˈMAɪT/	noun	学習・教育・研究	normal	1	2026-10-02
expr_0576	576	政治権力	political power	/pəˈLɪT̬.ə.kəl ˈPAʊ.ɚ/	政治上の権限・影響力。	political might より通常の表現。	The reform changed the balance of political power.	/ðə rɪˈFɔːRM ˌTʃEɪNDʒD ðə ˈBÆL.əns əv pəˌLɪT̬.ə.kəl ˈPAʊ.ɚ/	noun	学習・教育・研究	normal	1	2026-10-02
expr_0577	577	存在すること・存在	existence	/ɪɡˈZɪS.təns/	存在しているという事実・状態。	entity は独立した実体・単位。	The existence of the problem was not recognized.	/ði ɪɡˈZɪS.təns əv ðə ˈPRɑː.bləm wəz nɑːt ˈREK.əɡˌnaɪzd/	noun	学習・教育・研究	normal	1	2026-10-02
expr_0578	578	独立した実体・主体	entity	/ˈEN.t̬ə.t̬i/	独立して認識できる物・組織・概念。	existence は存在という状態。	The department operates as a separate entity.	/ðə dɪˈPɑːRT.mənt ˈɑː.pəˌreɪts æz ə ˌSEP.ɚ.ət ˈEN.t̬ə.t̬i/	noun	学習・教育・研究	normal	1	2026-10-02
expr_0579	579	独立した疾患概念	disease entity	/dɪˈZIːZ ˌEN.t̬ə.t̬i/	他と区別される一つの疾患単位。	医学で entity は独立した概念単位。	It was once considered a distinct disease entity.	/ɪt wəz ˌWʌNS kənˈSɪD.ɚd ə dɪˌSTɪŋKT dɪˈZIːZ ˌEN.t̬ə.t̬i/	medical	医療・診療	normal	1	2026-10-02
expr_0580	580	進捗があれば知らせる	I’ll keep you posted.	/aɪl ˌKIːP ju ˈPOʊ.stɪd/	状況が変わったら随時知らせる。	keep you updated と同じく自然で会話的。	I’ll keep you posted if anything changes.	/aɪl ˌKIːP ju ˈPOʊ.stɪd ɪf ˌEN.iˌθɪŋ ˈTʃEɪN.dʒɪz/	conversation	会話のつなぎ・リアクション	normal	1	2026-10-02
expr_0581	581	元気？／どう？	What’s up?	/ˌWʌTS ˈʌP/	非常にカジュアルな挨拶。	How are you? より軽く、近況や今の様子を聞く。	What’s up? How’ve you been?	/ˌWʌTS ˈʌP | haʊv ju ˈBɪN/	conversation	会話のつなぎ・リアクション	normal	1	2026-10-02
expr_0582	582	調子どう？	How’s it going?	/ˌHAʊZ‿ɪt ˈɡOʊ.ɪŋ/	日常的で自然な挨拶。	What’s up? より少し広く使える。	Hey, how’s it going?	/ˌHEɪ | haʊz‿ɪt ˈɡOʊ.ɪŋ/	conversation	会話のつなぎ・リアクション	normal	1	2026-10-02
expr_0583	583	久しぶり。最近どう？	It’s been so long. What’s new?	/ɪts bɪn soʊ ˈLɔːŋ | wʌts ˈNUː/	久しぶりの相手に近況を聞く。	What’s new? は最近の変化を聞く。	It’s been so long. What’s new?	/ɪts bɪn soʊ ˈLɔːŋ | wʌts ˈNUː/	conversation	会話のつなぎ・リアクション	normal	1	2026-10-02
expr_0584	584	最近人生どう？	How’s life treating you?	/haʊz ˌLAɪF ˈTRIː.t̬ɪŋ ju/	親しい相手の近況を少し温かく聞く。	How are you? より人生全体の調子を聞く感じ。	So, how’s life treating you?	/soʊ | haʊz ˌLAɪF ˈTRIː.t̬ɪŋ ju/	conversation	会話のつなぎ・リアクション	normal	1	2026-10-02
expr_0585	585	最近何してた？	What have you been up to recently?	/ˌWʌT əv ju bɪn ˈʌP tə ˌRIː.sənt.li/	最近の活動・近況を聞く。	be up to は口語的な「何をしている」。	What have you been up to recently?	/ˌWʌT əv ju bɪn ˈʌP tə ˌRIː.sənt.li/	conversation	会話のつなぎ・リアクション	normal	1	2026-10-02
expr_0586	586	本当にその通り	You can say that again.	/ju kən ˌSEɪ ˈÐÆT əˌɡEN/	強い同意を表す。	直訳の「もう一度言って」ではなく「全くその通り」。	This week was exhausting. — You can say that again.	/ðɪs ˌWIːK wəz ɪɡˈZɔː.stɪŋ | ju kən ˌSEɪ ˈÐÆT əˌɡEN/	idiom	会話のつなぎ・リアクション	normal	1	2026-10-02
expr_0587	587	これ以上ないほど同意	I couldn’t agree more.	/aɪ ˌKʊD.ənt əˌɡRIː ˈMɔːR/	非常に強い同意。	丁寧にもカジュアルにも使える。	I couldn’t agree more.	/aɪ ˌKʊD.ənt əˌɡRIː ˈMɔːR/	conversation	会話のつなぎ・リアクション	normal	1	2026-10-02
expr_0588	588	本当にその通り	You’re absolutely right.	/jɚ ˌÆB.səˌluːt.li ˈRAɪT/	相手の意見が正しいと強く認める。	Exactly より文として明示的。	You’re absolutely right about that.	/jɚ ˌÆB.səˌluːt.li ˈRAɪT əˌBAʊT ðæt/	conversation	会話のつなぎ・リアクション	normal	1	2026-10-02
expr_0589	589	その調子で言って！	Go off.	/ˌɡOʊ ˈɔːF/	スラングで、勢いよく意見を言う相手を応援する。	かなりカジュアルでネット・若者表現。	Yes! Go off!	/ˌJES | ˌɡOʊ ˈɔːF/	conversation	会話のつなぎ・リアクション	normal	1	2026-10-02
expr_0590	590	ほんとそれ／分かる	Tell me about it.	/ˌTEL mi əˈBAʊT‿ɪt/	同じ苦労を知っているという強い共感。	文字通りの「詳しく教えて」になる場合もあるので文脈注意。	Traffic was awful. — Tell me about it.	/ˈTRÆF.ɪk wəz ˈɔː.fəl | ˌTEL mi əˈBAʊT‿ɪt/	idiom	会話のつなぎ・リアクション	normal	1	2026-10-02
expr_0591	591	私はそうは見ていない	That’s not how I see it.	/ðæts nɑːt haʊ ˈAɪ siː‿ɪt/	相手を直接否定せず見方の違いを示す。	比較的穏やかな反対。	That’s not how I see it, but I understand your point.	/ðæts nɑːt haʊ ˈAɪ siː‿ɪt | bət aɪ ˌʌn.dɚˈSTÆND jɚ ˈPɔɪNT/	conversation	会話のつなぎ・リアクション	normal	1	2026-10-02
expr_0592	592	それはどうかな	I’m not so sure about that.	/aɪm ˌNɑːT soʊ ˈʃʊR əˌBAʊT ðæt/	確信が持てない形で柔らかく反対する。	直接 No と言うより穏やか。	I’m not so sure about that.	/aɪm ˌNɑːT soʊ ˈʃʊR əˌBAʊT ðæt/	conversation	会話のつなぎ・リアクション	normal	1	2026-10-02
expr_0593	593	私はあまりそうは思わない	I don’t really see it that way.	/aɪ doʊnt ˌRɪL.i ˈSIː‿ɪt ðæt ˌWEɪ/	見方が違うことを柔らかく示す。	I disagree より角が立ちにくい。	I don’t really see it that way.	/aɪ doʊnt ˌRɪL.i ˈSIː‿ɪt ðæt ˌWEɪ/	conversation	会話のつなぎ・リアクション	normal	1	2026-10-02
expr_0594	594	それはどうかなあ	I don’t know about that.	/aɪ doʊnt ˌNOʊ əˈBAʊT ðæt/	相手の主張に疑問を示すカジュアルな反対。	文脈により軽い懐疑から反対まで。	I don’t know about that. It seems risky.	/aɪ doʊnt ˌNOʊ əˈBAʊT ðæt | ɪt siːmz ˈRɪS.ki/	conversation	会話のつなぎ・リアクション	normal	1	2026-10-02
expr_0595	595	必ずしもそうではない	Not necessarily.	/ˌNɑːT ˌNES.əˈser.ə.li/	一部の一般化を否定する。	強い否定ではなく「常にそうとは限らない」。	Not necessarily. It depends on the context.	/ˌNɑːT ˌNES.əˈser.ə.li | ɪt dɪˌPENDZ ɑːn ðə ˈKɑːn.tekst/	conversation	会話のつなぎ・リアクション	normal	1	2026-10-02
expr_0596	596	本当にありがたいです	I really appreciate that.	/aɪ ˌRɪL.i əˈPRIː.ʃiˌeɪT ðæt/	相手の行為や配慮に感謝する。	Thank you より気持ちを明示。	I really appreciate that.	/aɪ ˌRɪL.i əˈPRIː.ʃiˌeɪT ðæt/	conversation	会話のつなぎ・リアクション	normal	1	2026-10-02
expr_0597	597	あなたなしではどうしていいか	What would I do without you?	/ˌWʌT wəd aɪ ˈDUː wɪˌÐAʊT ju/	親しい相手への大きな感謝を軽くユーモラスに表す。	文字通りより感謝の定番表現。	You saved me again. What would I do without you?	/ju ˌSEɪVD mi əˌɡEN | ˌWʌT wəd aɪ ˈDUː wɪˌÐAʊT ju/	idiom	会話のつなぎ・リアクション	normal	1	2026-10-02
expr_0598	598	借りができたね	I owe you one.	/aɪ ˌOʊ ju ˈWʌN/	助けてもらい、今度お返しするというカジュアルな感謝。	金銭的な借金とは限らない。	Thanks for covering for me. I owe you one.	/ˌθÆŋKS fər ˌKʌV.ɚ.ɪŋ fər mi | aɪ ˌOʊ ju ˈWʌN/	idiom	会話のつなぎ・リアクション	normal	1	2026-10-02
expr_0599	599	ご親切にありがとう	That’s so kind of you.	/ðæts soʊ ˈKAɪND əv ju/	相手の親切そのものを評価して感謝する。	丁寧で温かい。	That’s so kind of you. Thank you.	/ðæts soʊ ˈKAɪND əv ju | ˈθÆŋK ju/	conversation	会話のつなぎ・リアクション	normal	1	2026-10-02
expr_0600	600	本当に感謝しています	I’m so grateful.	/aɪm soʊ ˈɡREɪT.fəl/	深い感謝を表す。	appreciate より感情的。	I’m so grateful for your support.	/aɪm soʊ ˈɡREɪT.fəl fər jɚ səˈPɔːRT/	conversation	人・感情・評価	normal	1	2026-10-02
expr_0601	601	どういたしまして／喜んで	My pleasure.	/maɪ ˈPLEʒ.ɚ/	丁寧で自然な「どういたしまして」。	You’re welcome より少し温かい。	My pleasure. I’m glad I could help.	/maɪ ˈPLEʒ.ɚ | aɪm ˌɡLÆD aɪ kəd ˈHELP/	conversation	会話のつなぎ・リアクション	normal	1	2026-10-02
expr_0602	602	こちらこそ光栄です	The pleasure is all mine.	/ðə ˈPLEʒ.ɚ‿ɪz ɔːl ˈMAɪN/	感謝や光栄さを相手に返す。	My pleasure より少しフォーマル・強調。	The pleasure is all mine.	/ðə ˈPLEʒ.ɚ‿ɪz ɔːl ˈMAɪN/	conversation	会話のつなぎ・リアクション	normal	1	2026-10-02
expr_0603	603	喜んでお手伝いします	Happy to help.	/ˌHÆP.i tə ˈHELP/	助けた後の軽く自然な返答。	仕事でも日常でも使いやすい。	Happy to help. Let me know if you need anything else.	/ˌHÆP.i tə ˈHELP | let mi ˈNOʊ ɪf ju niːd ˌEN.iˌθɪŋ ˈELS/	conversation	会話のつなぎ・リアクション	normal	1	2026-10-02
expr_0604	604	大したことじゃないよ	It was nothing.	/ɪt wəz ˈNʌθ.ɪŋ/	相手の感謝に対し負担ではなかったと伝える。	かなりカジュアル。	It was nothing. Don’t worry about it.	/ɪt wəz ˈNʌθ.ɪŋ | doʊnt ˌWɝː.i əˌBAʊT‿ɪt/	conversation	会話のつなぎ・リアクション	normal	1	2026-10-02
expr_0605	605	気にしないで	Don’t sweat it.	/ˌDOʊNT ˈSWET‿ɪt/	ミス・謝罪・借りを軽く流す。	かなりカジュアル。	Don’t sweat it. It happens.	/ˌDOʊNT ˈSWET‿ɪt | ɪt ˈHÆP.ənz/	idiom	会話のつなぎ・リアクション	normal	1	2026-10-02
expr_0606	606	気にしないで	Don’t worry about it.	/ˌDOʊNT ˈWɝː.i əˌBAʊT‿ɪt/	謝罪や感謝に対して心配不要と伝える。	幅広く使える。	Don’t worry about it. We’re good.	/ˌDOʊNT ˈWɝː.i əˌBAʊT‿ɪt | wɪr ˈɡʊD/	conversation	会話のつなぎ・リアクション	normal	1	2026-10-02
expr_0607	607	それは最悪だね。本当に残念	It sucks. I’m really sorry.	/ɪt ˈSʌKS | aɪm ˌRɪL.i ˈSɑːR.i/	つらい出来事へのカジュアルな共感。	sucks はかなり口語的。	It sucks. I’m really sorry you’re going through that.	/ɪt ˈSʌKS | aɪm ˌRɪL.i ˈSɑːR.i jɚ ˌɡOʊ.ɪŋ ˈθRUː ðæt/	conversation	人・感情・評価	normal	1	2026-10-02
expr_0608	608	きちんと謝らないと	I owe you an apology.	/aɪ ˌOʊ ju ən əˈPɑː.lə.dʒi/	自分に非があり正式に謝る必要がある時。	I’m sorry より責任を明示。	I owe you an apology for what I said.	/aɪ ˌOʊ ju ən əˈPɑː.lə.dʒi fər wʌt aɪ ˈSED/	conversation	会話のつなぎ・リアクション	normal	1	2026-10-02
expr_0609	609	違う状況だったらよかったのに	I wish things were different.	/aɪ ˌWɪʃ θɪŋz wɚ ˈDɪF.ɚ.ənt/	変えられないつらい状況への共感・残念さ。	具体的解決より気持ちに寄り添う。	I wish things were different for you.	/aɪ ˌWɪʃ θɪŋz wɚ ˈDɪF.ɚ.ənt fər ju/	conversation	人・感情・評価	normal	1	2026-10-02
expr_0610	610	何かできることある？	Is there anything I can do for you?	/ɪz ðer ˌEN.iˌθɪŋ aɪ kən ˈDUː fər ju/	困っている相手に具体的支援を申し出る。	丁寧で自然。	Is there anything I can do for you?	/ɪz ðer ˌEN.iˌθɪŋ aɪ kən ˈDUː fər ju/	conversation	会話のつなぎ・リアクション	normal	1	2026-10-02
expr_0611	611	何か必要なら言ってね	Let me know if you need anything.	/ˌLET mi ˈNOʊ ɪf ju ˌNIːD ˈEN.iˌθɪŋ/	相手に支援の余地を残す定番表現。	押しつけず援助を申し出る。	Let me know if you need anything.	/ˌLET mi ˈNOʊ ɪf ju ˌNIːD ˈEN.iˌθɪŋ/	conversation	会話のつなぎ・リアクション	normal	1	2026-10-02
expr_0612	612	流体	fluid	/ˈFLUː.ɪd/	流れる性質をもつもの。液体と気体を含む。	liquid より広い概念。	Air and water are both fluids.	/ˈER ən ˈWɔː.t̬ɚ ɑːr boʊθ ˈFLUː.ɪdz/	noun	学習・教育・研究	normal	1	2026-10-02
expr_0613	613	液体	liquid	/ˈLɪK.wɪd/	物質の状態としての液体。	fluid は液体＋気体を含む。	Water is a liquid at room temperature.	/ˈWɔː.t̬ɚ ɪz ə ˈLɪK.wɪd ət ˌRUːM ˈTEM.prə.tʃɚ/	noun	学習・教育・研究	normal	1	2026-10-02
expr_0614	614	前提・認識を確認しておくと	Just to make sure we’re on the same page, ...	/dʒʌst tə ˌMEɪK ʃʊR wɪr ɑːn ðə ˌSEɪM ˈPEɪDʒ/	議論の前提や認識をそろえる。	会議・指導で非常に自然。	Just to make sure we’re on the same page, we’re talking about first-year residents, right?	/dʒʌst tə ˌMEɪK ʃʊR wɪr ɑːn ðə ˌSEɪM ˈPEɪDʒ | wɪr ˌTɔː.kɪŋ əˌBAʊT ˌFɝːST.jɪr ˈREZ.ə.dənts | ˈRAɪT/	discourse	仕事・組織	normal	1	2026-10-02
expr_0615	615	確認して明確にすると	Just to clarify, ...	/dʒʌst tə ˈKLER.əˌfaɪ/	曖昧さを解消するために確認する。	on the same page より内容の明確化に焦点。	Just to clarify, this isn’t a formal assessment.	/dʒʌst tə ˈKLER.əˌfaɪ | ðɪs ˌɪZ.ənt ə ˌFɔːR.məl əˈSES.mənt/	discourse	仕事・組織	normal	1	2026-10-02
expr_0616	616	鑑別は？	What’s your differential?	/ˌWʌTS jɚ ˌdɪf.əˈREN.ʃəl/	医療者同士で鑑別診断を簡潔に尋ねる。	differential 単独で鑑別診断リスト。	What’s your differential?	/ˌWʌTS jɚ ˌdɪf.əˈREN.ʃəl/	medical	医療・診療	normal	1	2026-10-02
expr_0617	617	何を考えていますか？	What are you considering?	/ˌWʌT ɑːr ju kənˈSɪD.ɚ.ɪŋ/	学習者の思考過程や鑑別を引き出す。	What’s your differential? より広く思考を尋ねる。	What are you considering at this point?	/ˌWʌT ɑːr ju kənˈSɪD.ɚ.ɪŋ ət ðɪs ˈPɔɪNT/	medical	医療・診療	normal	1	2026-10-02
expr_0618	618	他には何を考えていますか？	What else are you considering?	/ˌWʌT ˈELS ɑːr ju kənˈSɪD.ɚ.ɪŋ/	鑑別・選択肢をさらに広げる。	指導で非常に使いやすい。	What else are you considering?	/ˌWʌT ˈELS ɑːr ju kənˈSɪD.ɚ.ɪŋ/	medical	医療・診療	normal	1	2026-10-02
expr_0619	619	鑑別の一番上は？	What’s at the top of your differential?	/ˌWʌTS ət ðə ˈTɑːP əv jɚ ˌdɪf.əˈREN.ʃəl/	最も可能性が高い診断を尋ねる。	鑑別の優先順位を引き出す。	What’s at the top of your differential?	/ˌWʌTS ət ðə ˈTɑːP əv jɚ ˌdɪf.əˈREN.ʃəl/	medical	医療・診療	normal	1	2026-10-02
expr_0620	620	似合っている	look good on you	/ˌLʊK ˈɡʊD‿ɑːn ju/	服・色・髪型が見た目として似合う。	suit you は人の雰囲気との相性。	That color looks great on you.	/ðæt ˈKʌL.ɚ ˌLʊKS ˈɡREɪT‿ɑːn ju/	conversation	人・感情・評価	normal	1	2026-10-02
expr_0621	621	似合う・その人に合う	suit you	/ˈSUːT ju/	髪型・色・スタイルがその人の雰囲気に合う。	look good on you より相性のニュアンス。	That hairstyle really suits you.	/ðæt ˈHERˌSTAɪL ˌRɪL.i ˈSUːTS ju/	verb	人・感情・評価	normal	1	2026-10-02
expr_0622	622	〜とよく合う	go well with	/ɡoʊ ˈWEL wɪð/	服同士・色・食べ物などの相性がよい。	人に似合う suit とは対象が違う。	That jacket goes well with those pants.	/ðæt ˈDʒÆK.ɪt ɡoʊz ˌWEL wɪð ðoʊz ˈPÆNTS/	phrasal verb	日常生活・一般	normal	1	2026-10-02
expr_0623	623	目標・成果を達成する	achieve	/əˈTʃIːV/	目標・成功・成果という到達点に達する。	accomplish はタスクや仕事の完遂に焦点。	I finally achieved my goal.	/aɪ ˌFAɪ.nəl.i əˈTʃIːVD maɪ ˈɡOʊL/	verb	学習・教育・研究	normal	1	2026-10-02
expr_0624	624	専門性・専門知識	expertise	/ˌek.spɚˈTIːZ/	ある分野についての高度な知識・技能。	prominence は著名さ・重要な地位。	She has expertise in medical education.	/ʃi hæz ˌek.spɚˈTIːZ ɪn ˈMED.ɪ.kəl ˌedʒ.əˈKEɪ.ʃən/	noun	仕事・組織	normal	1	2026-10-02
expr_0625	625	著名さ・重要な存在感	prominence	/ˈPRɑː.mə.nəns/	分野で目立つ・重要な地位にあること。	expertise は中身の能力。	He rose to prominence in the field.	/hi ˌROʊZ tə ˈPRɑː.mə.nəns ɪn ðə ˈFIːLD/	noun	仕事・組織	normal	1	2026-10-02
expr_0626	626	冷静に頭を働かせる	keep my head	/ˌKIːP maɪ ˈHED/	緊急時や圧力下でパニックにならず判断する。	keep my cool は感情を抑えることに焦点。	I managed to keep my head and think clearly.	/aɪ ˌMÆN.ɪdʒd tə ˌKIːP maɪ ˈHED ən ˌθɪŋK ˈKLɪR.li/	idiom	人・感情・評価	normal	1	2026-10-02
expr_0627	627	感情的にならず冷静でいる	keep my cool	/ˌKIːP maɪ ˈKUːL/	怒り・緊張・いら立ちを抑えて平静を保つ。	keep my head より感情制御に焦点。	I was annoyed, but I managed to keep my cool.	/aɪ wəz əˈNɔɪD | bət aɪ ˌMÆN.ɪdʒd tə ˌKIːP maɪ ˈKUːL/	idiom	人・感情・評価	normal	1	2026-10-02
expr_0628	628	冷静な判断力を保つ	keep a cool head	/ˌKIːP ə ˌKUːL ˈHED/	緊急時に感情と判断の両方を落ち着かせる。	keep my head と keep my cool の中間的な定番表現。	You need to keep a cool head in an emergency.	/ju ˌNIːD tə ˌKIːP ə ˌKUːL ˈHED ɪn ən ɪˈMɝː.dʒən.si/	idiom	医療・診療	normal	1	2026-10-02
expr_0629	629	後からなら何でも明らか	Hindsight is 20/20.	/ˈHAɪND.saɪt ɪz ˌTWEN.t̬i ˈTWEN.t̬i/	結果を知った後なら判断が容易に見えるという定番表現。	医療の「後医は名医」に近い一般論。	Hindsight is 20/20, but we didn’t have that information then.	/ˈHAɪND.saɪt ɪz ˌTWEN.t̬i ˈTWEN.t̬i | bət wi ˌDɪD.ənt hæv ðæt ˌɪn.fɚˈMEɪ.ʃən ðen/	idiom	会話のつなぎ・リアクション	normal	1	2026-10-02
expr_0630	630	後知恵バイアス	hindsight bias	/ˈHAɪND.saɪt ˌBAɪ.əs/	結果を知った後に当時も予測可能だったと思う認知バイアス。	医療の振り返り・診断エラー議論で重要。	We have to be careful about hindsight bias.	/wi hæv tə bi ˈKER.fəl əˌBAʊT ˈHAɪND.saɪt ˌBAɪ.əs/	medical	医療・診療	normal	1	2026-10-02
expr_0631	631	後知恵という利点	the benefit of hindsight	/ðə ˌBEN.ə.fɪt əv ˈHAɪND.saɪt/	後から得た情報を使える立場を表す。	前医を後から評価する文脈で自然。	The second doctor has the benefit of hindsight.	/ðə ˌSEK.ənd ˈDɑːK.tɚ hæz ðə ˌBEN.ə.fɪt əv ˈHAɪND.saɪt/	idiom	医療・診療	normal	1	2026-10-02
expr_0632	632	そうそう〜ない／珍しい	It’s not every day (that) ...	/ɪts nɑːt ˌEV.ri ˈDEɪ ðæt .../	珍しい・特別な機会を強調する。	not often より「特別感」が出やすい。	It’s not every day you get an opportunity like this.	/ɪts nɑːt ˌEV.ri ˈDEɪ ju ɡet ən ˌɑː.pɚˈTUː.nə.t̬i laɪk ˈÐɪS/	idiom	会話のつなぎ・リアクション	normal	1	2026-10-02
expr_0633	633	まさか〜とはね	Who knew ...?	/ˌHUː ˈNUː .../	今知って驚いたことを修辞的に表す。	質問ではなく「そんなの知らなかった！」の驚き。	Who knew learning English could be this much fun?	/ˌHUː ˈNUː ˌLɝː.nɪŋ ˈɪŋ.ɡlɪʃ kəd bi ðɪs mʌtʃ ˈFʌN/	idiom	会話のつなぎ・リアクション	normal	1	2026-10-02
expr_0634	634	さあ、誰にも分からない	Who knows?	/ˌHUː ˈNOʊZ/	現在・未来について不確実だと示す。	Who knew? は驚き、Who knows? は不確実性。	Who knows? Maybe it’ll work.	/ˌHUː ˈNOʊZ | ˌMEɪ.bi ɪtəl ˈWɝːK/	conversation	会話のつなぎ・リアクション	normal	1	2026-10-02
expr_0635	635	僻地・遠隔地	remote area	/rɪˌMOʊT ˈER.i.ə/	都市部から離れた地域。	rural area は地方・農村で、必ずしも遠隔ではない。	He works in a remote area.	/hi ˌWɝːKS ɪn ə rɪˌMOʊT ˈER.i.ə/	noun	医療・診療	normal	1	2026-10-02
expr_0636	636	遠隔地域のコミュニティ	remote community	/rɪˌMOʊT kəˈMJUː.nə.t̬i/	地理的に離れた地域社会。	医療・地域文脈で自然。	Access to care can be difficult in remote communities.	/ˈÆK.ses tə ˈKER kən bi ˈDɪF.ə.kəlt ɪn rɪˌMOʊT kəˈMJUː.nə.t̬iz/	noun	医療・診療	normal	1	2026-10-02
expr_0637	637	サービスが不足した地域	underserved area	/ˌʌn.dɚˈSɝːVD ˈER.i.ə/	医療・教育などのサービスが十分でない地域。	remote とは地理ではなく資源不足に焦点。	The program serves underserved areas.	/ðə ˈPROʊ.ɡræm sɝːvz ˌʌn.dɚˈSɝːVD ˈER.i.əz/	noun	医療・診療	normal	1	2026-10-02
expr_0638	638	医療過疎地域	medically underserved area	/ˌMED.ɪ.kli ˌʌn.dɚˈSɝːVD ˈER.i.ə/	医療アクセスや医療資源が不足した地域。	政策・公衆衛生文脈で明確。	The clinic is in a medically underserved area.	/ðə ˌKLɪN.ɪk ɪz ɪn ə ˌMED.ɪ.kli ˌʌn.dɚˈSɝːVD ˈER.i.ə/	medical	医療・診療	normal	1	2026-10-02
expr_0639	639	まさにここ	right here	/ˌRAɪT ˈHɪR/	現在地をピンポイントで強調する。	here 単独より「ここまさに」。	It happened right here.	/ɪt ˌHÆP.ənd raɪt ˈHɪR/	conversation	日常生活・一般	normal	1	2026-10-02
expr_0640	640	こっちの方	over here	/ˌOʊ.vɚ ˈHɪR/	自分側のエリアを指す。	here より「こっち側」の範囲感。	Put it over here.	/ˌPʊT ɪt ˌOʊ.vɚ ˈHɪR/	conversation	日常生活・一般	normal	1	2026-10-02
expr_0641	641	この中	in here	/ˌɪN ˈHɪR/	自分がいる閉じた空間の中。	here より内部の領域を強調。	It’s hot in here.	/ɪts ˌHɑːT ɪn ˈHɪR/	conversation	日常生活・一般	normal	1	2026-10-02
expr_0642	642	ここの外・この辺り	out here	/ˌAʊT ˈHɪR/	自分がいる外の空間、または中心から離れたこの辺り。	outside より話者の現在地を含む。	It’s cold out here.	/ɪts ˌKOʊLD aʊt ˈHɪR/	conversation	日常生活・一般	normal	1	2026-10-02
expr_0643	643	こっちの上・北の方	up here	/ˌʌP ˈHɪR/	自分がいる上階・高地・北側を表す。	物理的上下だけでなく地図上の方向にも使う。	Winters are cold up here.	/ˈWɪN.tɚz ɑr ˌKOʊLD ʌp ˈHɪR/	conversation	日常生活・一般	normal	1	2026-10-02
expr_0644	644	こっちの下・南の方	down here	/ˌDAʊN ˈHɪR/	自分がいる下階・低地・南側を表す。	物理的な下だけではない。	It’s warmer down here.	/ɪts ˌWɔːR.mɚ daʊn ˈHɪR/	conversation	日常生活・一般	normal	1	2026-10-02
expr_0645	645	この辺	around here	/əˌRAʊND ˈHɪR/	自分の現在地周辺。	近隣をざっくり指す。	Is there a good café around here?	/ɪz ðer ə ɡʊd kæˈFEɪ əˌRAʊND ˈHɪR/	conversation	日常生活・一般	normal	1	2026-10-02
expr_0646	646	あっちの方	over there	/ˌOʊ.vɚ ˈÐER/	自分から離れた場所・エリアを指す。	there より「あちら側」の範囲感。	The station is over there.	/ðə ˈSTEɪ.ʃən ɪz ˌOʊ.vɚ ˈÐER/	conversation	移動・旅行	normal	1	2026-10-02
expr_0647	647	世の中には・どこかには	out there	/ˌAʊT ˈÐER/	自分の外に広がる世界・世間を表す。	物理的な外だけでなく抽象的な「世の中」。	There are a lot of opportunities out there.	/ðer ɑr ə ˌLɑːT əv ˌɑː.pɚˈTUː.nə.t̬iz aʊt ˈÐER/	conversation	会話のつなぎ・リアクション	normal	1	2026-10-02
expr_0648	648	部分的にはそう／まあね	Kind of.	/ˈKAɪN.də/	完全な Yes ではなく部分的に肯定する。	かなり口語的。	Do you like it? — Kind of.	/də ju ˈLAɪK ɪt | ˈKAɪN.də/	conversation	会話のつなぎ・リアクション	normal	1	2026-10-02
expr_0649	649	いや、あまり／どちらかというと違う	Not really.	/ˌNɑːT ˈRɪL.i/	柔らかい No。	Not at all より弱く、角が立ちにくい。	Are you tired? — Not really.	/ɑr ju ˈTAɪRD | ˌNɑːT ˈRɪL.i/	conversation	会話のつなぎ・リアクション	normal	1	2026-10-02
expr_0650	650	たぶんそうかな	I guess.	/aɪ ˈɡES/	確信が弱い・少し気乗りしない Yes にもなる。	I think so よりためらいが出やすい。	Do we have to go? — I guess.	/də wi hæv tə ˈɡOʊ | aɪ ˈɡES/	conversation	会話のつなぎ・リアクション	normal	1	2026-10-02
expr_0651	651	注文で〜をいただけますか	Could I get ...?	/ˌKʊD‿aɪ ˈɡET .../	カフェ・店で自然に注文する。	Give me ... より相手に余地を残す。	Could I get a coffee?	/ˌKʊD‿aɪ ˌɡET ə ˈKɔː.fi/	conversation	日常生活・一般	normal	1	2026-10-02
expr_0652	652	〜してもらえますか	Could you ...?	/ˌKʊD ju .../	標準的で自然な依頼。	Can you ...? も普通だが少し距離が増える。	Could you help me with this?	/ˌKʊD ju ˈHELP mi wɪð ðɪs/	conversation	会話のつなぎ・リアクション	normal	1	2026-10-02
expr_0653	653	〜してもらえますか	Would you ...?	/ˌWʊD ju .../	相手の意思を尋ねる依頼。	Could you ...? と同様に丁寧。	Would you take a look at this?	/ˌWʊD ju ˌTEɪK ə ˈLʊK ət ðɪs/	conversation	会話のつなぎ・リアクション	normal	1	2026-10-02
expr_0654	654	〜してもらっても構いませんか	Would you mind ...ing?	/ˌWʊD ju ˈMAɪND ...ɪŋ/	配慮を示す依頼。	相手の負担がある依頼に向く。	Would you mind waiting a few minutes?	/ˌWʊD ju ˈMAɪND ˌWEɪ.t̬ɪŋ ə fjuː ˈMɪN.əts/	conversation	会話のつなぎ・リアクション	normal	1	2026-10-02
expr_0655	655	〜をお願いします／〜したいです	I’d like ...	/aɪd ˈLAɪK .../	want より柔らかく希望を伝える。	注文・受付・仕事で幅広く自然。	I’d like a table for two.	/aɪd ˌLAɪK ə ˌTEɪ.bəl fər ˈTUː/	conversation	日常生活・一般	normal	1	2026-10-02
expr_0656	656	〜を探しているのですが	I’m looking for ...	/aɪm ˈLʊK.ɪŋ fər .../	need を断言せず探索状態として希望を伝える。	店で欲しい物を相談する時に自然。	I’m looking for a small table.	/aɪm ˈLʊK.ɪŋ fər ə smɔːl ˈTEɪ.bəl/	conversation	日常生活・一般	normal	1	2026-10-02
expr_0657	657	できれば〜したい	I’m hoping to ...	/aɪm ˈHOʊ.pɪŋ tə .../	希望を柔らかく伝える。	I want to ... より相手に余地を残す。	I’m hoping to leave a little early today.	/aɪm ˈHOʊ.pɪŋ tə ˌLIːV ə ˌLɪT̬.əl ˈɝː.li təˌDEɪ/	conversation	仕事・組織	normal	1	2026-10-02
expr_0658	658	できれば〜したいと思っていたのですが	I was hoping to ...	/aɪ wəz ˈHOʊ.pɪŋ tə .../	過去形で心理的距離を作り、希望をさらに柔らかく伝える。	現在の依頼にも使える丁寧なクッション。	I was hoping to ask you a favor.	/aɪ wəz ˈHOʊ.pɪŋ tə ˌÆSK ju ə ˈFEɪ.vɚ/	conversation	仕事・組織	normal	1	2026-10-02
expr_0659	659	〜してもらえそうですか	Do you think you could ...?	/də ju ˌθɪŋK ju kəd .../	相手の可能性を尋ねる形で依頼を柔らかくする。	Could you ...? より一段距離がある。	Do you think you could send it by Friday?	/də ju ˌθɪŋK ju kəd ˌSEND ɪt baɪ ˈFRAɪ.deɪ/	conversation	仕事・組織	normal	1	2026-10-02
expr_0660	660	〜していただけないかと思いまして	I was wondering if you could ...	/aɪ wəz ˈWʌN.dɚ.ɪŋ ɪf ju kəd .../	負担のある依頼を丁寧に切り出す。	過去形＋if で心理的距離を作る。	I was wondering if you could help me.	/aɪ wəz ˈWʌN.dɚ.ɪŋ ɪf ju kəd ˈHELP mi/	conversation	仕事・組織	normal	1	2026-10-02
expr_0661	661	〜することは可能でしょうか	Would it be possible to ...?	/wəd ɪt bi ˈPɑː.sə.bəl tə .../	可能性を尋ねる形の丁寧な依頼。	個人に直接命令せず、状況の可能性を聞く。	Would it be possible to reschedule the meeting?	/wəd ɪt bi ˈPɑː.sə.bəl tə ˌriːˈSKEDʒ.uːl ðə ˈMIː.t̬ɪŋ/	conversation	仕事・組織	normal	1	2026-10-02
expr_0662	662	ご面倒でなければ	If it’s not too much trouble, ...	/ɪf ɪts nɑːt tuː mʌtʃ ˈTRʌB.əl/	相手への負担を明示的に気遣う。	大きめの依頼で使うクッション。	If it’s not too much trouble, could you check this?	/ɪf ɪts nɑːt tuː mʌtʃ ˈTRʌB.əl | kəd ju ˌTʃEK ðɪs/	conversation	仕事・組織	normal	1	2026-10-02
expr_0663	663	それはいいね	That’s great.	/ˌÐÆTS ˈɡREɪT/	相手が今言ったニュース・出来事全体に反応する。	It’s great は既知の対象そのものの評価。	I got the job. — That’s great!	/aɪ ˌɡɑːT ðə ˈDʒɑːB | ˌÐÆTS ˈɡREɪT/	conversation	会話のつなぎ・リアクション	normal	1	2026-10-02
expr_0664	664	なるほど、筋が通る	That makes sense.	/ˌÐÆT meɪks ˈSENS/	相手の今の説明・考えを受けて納得を示す。	that は発言内容全体を指す。	That makes sense. I hadn’t thought of it that way.	/ˌÐÆT meɪks ˈSENS | aɪ ˌHÆD.ənt ˈθɔːT əv ɪt ðæt ˈWEɪ/	conversation	会話のつなぎ・リアクション	normal	1	2026-10-02
expr_0665	665	それは知らなかった	I didn’t know that.	/aɪ ˌDɪD.ənt ˈNOʊ ðæt/	相手が今提示した情報を指して受ける。	that は心理的な指さし。	I didn’t know that. That’s interesting.	/aɪ ˌDɪD.ənt ˈNOʊ ðæt | ðæts ˈɪN.trə.stɪŋ/	conversation	会話のつなぎ・リアクション	normal	1	2026-10-02
expr_0666	666	それは考えたことがなかった	I hadn’t thought of that.	/aɪ ˌHÆD.ənt ˈθɔːT əv ðæt/	相手のアイデアを新しい視点として受ける。	会話で反応として非常に自然。	I hadn’t thought of that.	/aɪ ˌHÆD.ənt ˈθɔːT əv ðæt/	conversation	会話のつなぎ・リアクション	normal	1	2026-10-02
expr_0667	667	BがAでないのと同じくXもAでない	no more A than B	/noʊ ˌMɔːR ˈEɪ ðən ˈBIː/	比較対象を使って強い否定を直感的に示す。	単なる not at all より修辞的で皮肉にもなりうる。	He’s no more an expert than I am.	/hiz noʊ ˌMɔːR ən ˈEK.spɝːT ðən aɪ ˈÆM/	grammar	学習・教育・研究	normal	1	2026-10-02
expr_0668	668	全く〜ない	not ... at all	/nɑːt ... ət ˈɔːL/	素直に強い否定をする。	no more A than B より会話で圧倒的に使いやすい。	He’s not an expert at all.	/hiz nɑːt ən ˈEK.spɝːT ət ˈɔːL/	grammar	会話のつなぎ・リアクション	normal	1	2026-10-02
expr_0669	669	少しも〜ない	not remotely ...	/nɑːt rɪˈMOʊT.li .../	可能性・程度が全く届いていないと強調する。	かなり強い否定。	He’s not remotely qualified.	/hiz nɑːt rɪˈMOʊT.li ˈKWɑː.ləˌfaɪd/	grammar	会話のつなぎ・リアクション	normal	1	2026-10-02
expr_0670	670	決して〜ではない	by no means ...	/baɪ noʊ ˈMIːNZ .../	強い否定をやや文章的に表す。	not at all よりフォーマル。	This is by no means a simple problem.	/ðɪs ɪz baɪ noʊ ˈMIːNZ ə ˌSɪM.pəl ˈPRɑː.bləm/	grammar	学習・教育・研究	normal	1	2026-10-02
expr_0671	671	〜どころか程遠い	far from ...	/ˈFɑːR frəm .../	期待される状態から大きく離れている。	しばしば「むしろ逆」の含み。	The project is far from finished.	/ðə ˈPRɑː.dʒekt ɪz ˌFɑːR frəm ˈFɪN.ɪʃT/	grammar	日常生活・一般	normal	1	2026-10-02
expr_0672	672	決して〜ではない／むしろ逆	anything but ...	/ˈEN.iˌθɪŋ bət .../	「〜以外なら何でも」→全く〜ではない。	修辞的で強い。	The meeting was anything but boring.	/ðə ˈMIː.t̬ɪŋ wəz ˌEN.iˌθɪŋ bət ˈBɔːR.ɪŋ/	idiom	会話のつなぎ・リアクション	normal	1	2026-10-02
expr_0673	673	〜には程遠い	nowhere near ...	/ˈNOʊ.wer nɪr .../	基準・程度に全く届いていない。	会話で強い否定に使いやすい。	We’re nowhere near finished.	/wɪr ˈNOʊ.wer nɪr ˈFɪN.ɪʃT/	idiom	会話のつなぎ・リアクション	normal	1	2026-10-02
expr_0674	674	全然違う／かすりもしない	Not even close.	/nɑːt ˌIː.vən ˈKLOʊS/	答え・予想・程度が全く近くない。	非常に会話的な強い否定。	Was I right? — Not even close.	/wəz aɪ ˈRAɪT | nɑːt ˌIː.vən ˈKLOʊS/	conversation	会話のつなぎ・リアクション	normal	1	2026-10-02
expr_0675	675	Bに劣らずXもAだ	no less A than B	/noʊ ˌLES ˈEɪ ðən ˈBIː/	過小評価されそうな対象が同等にAだと強調する。	やや文章的・修辞的。	Her contribution was no less important than his.	/hɚ ˌkɑːn.trəˈBJUː.ʃən wəz noʊ ˌLES ɪmˈPɔːR.tənt ðən hɪz/	grammar	学習・教育・研究	normal	1	2026-10-02
expr_0676	676	Bと同じくらいA	just as A as B	/dʒʌst æz ˈEɪ æz ˈBIː/	二者が同程度だと自然に比較する。	no less ... than ... より会話的。	She’s just as experienced as he is.	/ʃiz dʒʌst æz ɪkˈSPɪR.i.ənst æz hi ˈɪZ/	grammar	会話のつなぎ・リアクション	normal	1	2026-10-02
expr_0677	677	Bに少しも劣らずA	every bit as A as B	/ˌEV.ri ˈBɪT æz ˈEɪ æz ˈBIː/	完全に同等だと強調する。	会話で no less ... than ... に近い強調。	She’s every bit as experienced as he is.	/ʃiz ˌEV.ri ˈBɪT æz ɪkˈSPɪR.i.ənst æz hi ˈɪZ/	grammar	会話のつなぎ・リアクション	normal	1	2026-10-02
expr_0678	678	なんと〜も	no less than + 数量	/noʊ ˌLES ðən .../	数量の多さに驚き・強調を加える。	比較構文の no less A than B とは別用法。	No less than 100 people attended.	/noʊ ˌLES ðən wʌn ˈHʌN.drəd ˌPIː.pəl əˈTEN.dɪd/	grammar	学習・教育・研究	normal	1	2026-10-02
expr_0679	679	美容室・美容院	hair salon	/ˈHER səˌLɑːN/	髪を切る・整える店。	beauty salon より髪の店だと明確。	I’m going to the hair salon today.	/aɪm ˌɡOʊ.ɪŋ tə ðə ˈHER səˌLɑːN təˈDEɪ/	noun	日常生活・一般	normal	1	2026-10-02
expr_0680	680	美容師	hairstylist	/ˈHERˌSTAɪ.lɪst/	髪を切る・整える専門職。	現代的で自然。	My hairstylist recommended this shampoo.	/maɪ ˈHERˌSTAɪ.lɪst ˌrek.əˈMEN.dɪd ðɪs ʃæmˈPUː/	noun	日常生活・一般	normal	1	2026-10-02
expr_0681	681	美容師	hairdresser	/ˈHERˌDRES.ɚ/	美容師を指す一般語。	特に英で非常に一般的。	I’ve been going to the same hairdresser for years.	/aɪv bɪn ˌɡOʊ.ɪŋ tə ðə seɪm ˈHERˌDRES.ɚ fər ˈJɪRZ/	noun	日常生活・一般	normal	1	2026-10-02
expr_0682	682	〜になぞらえて考える	compare A to B	/kəmˈPER ˌEɪ tə ˈBIː/	AをBに例えて理解・説明する。	compare A with B は相違点を比較する意味にもなりやすい。	It helps to compare the heart to a pump.	/ɪt ˌHELPS tə kəmˈPER ðə ˈHɑːRT tə ə ˈPʌMP/	verb	学習・教育・研究	normal	1	2026-10-02
expr_0683	683	〜に例えると分かりやすいかも	It might help to compare it to X.	/ɪt maɪt ˌHELP tə kəmˈPER‿ɪt tə ˈEKS/	類比を提案して理解を助ける。	指導・説明で自然。	It might help to compare it to a filter.	/ɪt maɪt ˌHELP tə kəmˈPER‿ɪt tə ə ˈFɪL.tɚ/	conversation	学習・教育・研究	normal	1	2026-10-02
expr_0684	684	Xみたいなものだと考えて	Think of it like X.	/ˌθɪŋK‿əv ɪt laɪk ˈEKS/	その場で例えを提示する非常に会話的な表現。	compare を使うより直接的で自然なことが多い。	Think of it like a filter.	/ˌθɪŋK‿əv ɪt laɪk ə ˈFɪL.tɚ/	conversation	学習・教育・研究	normal	1	2026-10-02
expr_0685	685	まさにその通り	Exactly.	/ɪɡˈZÆKT.li/	相手の発言が完全に一致していると示す。	強い同意の最短表現。	Exactly. That’s what I mean.	/ɪɡˈZÆKT.li | ðæts wʌt aɪ ˈMIːN/	conversation	会話のつなぎ・リアクション	normal	1	2026-10-02
expr_0686	686	まさにそれ！	That’s exactly it.	/ðæts ɪɡˌZÆKT.li ˈɪT/	相手が言った内容が自分の意図とぴったり一致。	That’s it! より「まさに」を強調。	That’s exactly it. You got it.	/ðæts ɪɡˌZÆKT.li ˈɪT | ju ˌɡɑːT ˈɪT/	conversation	会話のつなぎ・リアクション	normal	1	2026-10-02
expr_0687	687	まさにその〜／他でもないその〜	the very ...	/ðə ˈVER.i .../	名詞を「まさにその」と強く限定する。	exactly は副詞、the very は名詞前。	That’s the very thing I was looking for.	/ðæts ðə ˌVER.i ˈθɪŋ aɪ wəz ˈLʊK.ɪŋ fər/	grammar	日常生活・一般	normal	1	2026-10-02
expr_0688	688	過去の経験を活かす	draw on my past experience	/ˌDRɔː ɑːn maɪ ˌPÆST ɪkˈSPɪR.i.əns/	蓄積した経験を引き出して現在に利用する。	仕事・教育で非常に自然。	I can draw on my past experience here as well.	/aɪ kən ˌDRɔː ɑːn maɪ ˌPÆST ɪkˈSPɪR.i.əns hɪr æz ˈWEL/	verb	仕事・組織	normal	1	2026-10-02
expr_0689	689	〜を有効活用する	put ... to good use	/ˌPʊT ... tə ɡʊd ˈJUːS/	持っている能力・経験・物を実際に役立てる。	draw on は経験を引き出す、こちらは有効利用。	I can put my past experience to good use here.	/aɪ kən ˌPʊT maɪ ˌPÆST ɪkˈSPɪR.i.əns tə ɡʊd ˈJUːS hɪr/	idiom	仕事・組織	normal	1	2026-10-02
expr_0690	690	〜になると思う・見込む	expect	/ɪkˈSPEKT/	話し手の予想としてそうなると思う。	predict は予測行為、prospect は名詞の見込み。	I expect it’ll take about an hour.	/aɪ ɪkˈSPEKT ɪtəl ˌTEɪK əˌBAʊT ən ˈAʊ.ɚ/	verb	日常生活・一般	normal	1	2026-10-02
expr_0691	691	将来の見込み・可能性	prospect	/ˈPRɑː.spekt/	将来そうなる可能性や見通しを名詞で表す。	expect/predict のような通常の予測動詞ではない。	The prospect of recovery is encouraging.	/ðə ˈPRɑː.spekt əv rɪˈKʌV.ɚ.i ɪz ɪnˈKɝː.ɪ.dʒɪŋ/	noun	学習・教育・研究	normal	1	2026-10-02
expr_0692	692	おしゃれな・洗練された	stylish	/ˈSTAɪ.lɪʃ/	見た目やデザインがセンスよくおしゃれ。	trendy は流行、chic は上品な洗練。	It’s a very stylish café.	/ɪts ə ˌVER.i ˈSTAɪ.lɪʃ kæˈFEɪ/	adjective	日常生活・一般	normal	1	2026-10-02
expr_0693	693	流行のおしゃれな	trendy	/ˈTREN.di/	今っぽく流行している。	stylish は流行していなくてもセンスがよい。	This area is full of trendy cafés.	/ðɪs ˌER.i.ə ɪz ˌFʊL əv ˌTREN.di kæˈFEɪZ/	adjective	日常生活・一般	normal	1	2026-10-02
expr_0694	694	洗練された上品なおしゃれ	chic	/ˈʃIːK/	都会的・上品で洗練されている。	「渋い」の控えめさまでは必ずしも含まない。	The interior is simple and chic.	/ði ɪnˈTɪR.i.ɚ ɪz ˌSɪM.pəl ən ˈʃIːK/	adjective	日常生活・一般	normal	1	2026-10-02
expr_0695	695	ちょっと洒落てる・高級感がある	fancy	/ˈFÆN.si/	普通より少し豪華・洒落ている。	Ooh, fancy! は軽いノリの「シャレオツ」。	Ooh, fancy! This place looks great.	/ˌUː ˈFÆN.si | ðɪs ˌPLEɪS lʊks ˈɡREɪT/	adjective	会話のつなぎ・リアクション	normal	1	2026-10-02
expr_0696	696	一皿の量・ポーション	portion	/ˈPɔːR.ʃən/	一人前として出される食事量。	量が多いなら big/huge portions。	The portions are huge here.	/ðə ˈPɔːR.ʃənz ɑːr ˈHJUːDʒ hɪr/	food	料理・食事	normal	1	2026-10-02
expr_0697	697	食欲旺盛	have a big appetite	/hæv ə ˌBɪɡ ˈÆP.əˌtaɪt/	よく食べる・食欲が強い。	I eat a lot は単純に食べる量を述べる。	I’ve always had a big appetite.	/aɪv ˌɔːl.weɪz hæd ə ˌBɪɡ ˈÆP.əˌtaɪt/	conversation	料理・食事	normal	1	2026-10-02
expr_0698	698	すれ違う	pass each other	/ˌPÆS iːtʃ ˈʌð.ɚ/	互いに反対方向へ通り過ぎる。	pass someone は追い越す意味にもなる。	We passed each other on the street.	/wi ˌPÆST iːtʃ ˈʌð.ɚ ɑːn ðə ˈSTRIːT/	verb	移動・旅行	normal	1	2026-10-02
expr_0699	699	人の横を通り過ぎる	walk past someone	/ˌWɔːK ˈPÆST ˌSʌM.wʌn/	歩いて相手のそばを通過する。	すれ違いとは限らない。	I walked right past him.	/aɪ ˌWɔːKT raɪt ˈPÆST‿ɪm/	verb	移動・旅行	normal	1	2026-10-02
expr_0700	700	追い越す	pass someone	/ˌPÆS ˈSʌM.wʌn/	後ろから前へ出る。特に米会話で自然。	overtake より日常的。	A car passed me on the highway.	/ə ˌKɑːR ˈPÆST mi ɑːn ðə ˈHAɪˌWEɪ/	verb	移動・旅行	normal	1	2026-10-02
expr_0701	701	追い越す	overtake	/ˌOʊ.vɚˈTEɪK/	後ろから追いついて前に出る。	車・自転車・レースで明示的。	I overtook the truck.	/aɪ ˌOʊ.vɚˈTʊK ðə ˈTRʌK/	verb	移動・旅行	normal	1	2026-10-02
expr_0702	702	紛らわしい	confusing	/kənˈFJUː.zɪŋ/	違いが分かりづらく頭が混乱する。	complicated は構造そのものが複雑。	These two words are confusing.	/ðiːz tuː ˌWɝːDZ ɑr kənˈFJUː.zɪŋ/	adjective	学習・教育・研究	normal	1	2026-10-02
expr_0703	703	複雑でややこしい	complicated	/ˈKɑːm.pləˌkeɪ.t̬ɪd/	要素や構造が複雑。	confusing は受け手が混乱することに焦点。	The system is complicated.	/ðə ˈSɪS.təm ɪz ˈKɑːm.pləˌkeɪ.t̬ɪd/	adjective	日常生活・一般	normal	1	2026-10-02
expr_0704	704	微妙でややこしい・一筋縄ではいかない	tricky	/ˈTRɪK.i/	簡単そうでも落とし穴や微妙な点がある。	英語の使い分け説明で非常に便利。	The difference is a little tricky.	/ðə ˈDɪF.ɚ.əns ɪz ə ˌLɪT̬.əl ˈTRɪK.i/	adjective	学習・教育・研究	normal	1	2026-10-02
expr_0705	705	ごちゃごちゃして面倒な	messy	/ˈMES.i/	整理されておらず複雑・面倒。	物理的な散らかりにも抽象的な問題にも使う。	The situation got messy quickly.	/ðə ˌsɪtʃ.uˈEɪ.ʃən ɡɑːt ˌMES.i ˈKWɪK.li/	adjective	日常生活・一般	normal	1	2026-10-02
expr_0706	706	やんちゃ・いたずら好き	mischievous	/ˈMɪS.tʃə.vəs/	悪気の強くないいたずら好き。	naughty よりかわいげのある「やんちゃ」に近い。	He’s a mischievous little boy.	/hiz ə ˌMɪS.tʃə.vəs ˌLɪT̬.əl ˈBɔɪ/	adjective	子育て・家族	normal	1	2026-10-02
expr_0707	707	元気すぎて騒がしい	rambunctious	/ræmˈBʌŋk.ʃəs/	子どもなどが非常に活発で騒がしい。	energetic より「手に余る元気さ」。	The kids were pretty rambunctious today.	/ðə ˌKɪDZ wɚ ˌPRɪT̬.i ræmˈBʌŋk.ʃəs təˌDEɪ/	adjective	子育て・家族	normal	1	2026-10-02
expr_0708	708	活発で元気な	energetic	/ˌen.ɚˈDʒET̬.ɪk/	エネルギーがあり活動的。	やんちゃの否定的含みを避けたい時に便利。	He’s very energetic.	/hiz ˌVER.i ˌen.ɚˈDʒET̬.ɪk/	adjective	子育て・家族	normal	1	2026-10-02
expr_0709	709	穏やかで優しい	gentle	/ˈDʒEN.təl/	性格・振る舞いが穏やかで柔らかい。	おしとやかを広く自然に表せる。	She’s very gentle and quiet.	/ʃiz ˌVER.i ˈDʒEN.təl ən ˈKWAɪ.ət/	adjective	人・感情・評価	normal	1	2026-10-02
expr_0710	710	控えめで上品な	demure	/dɪˈMJʊR/	控えめで落ち着いた上品さ。	やや文学的・描写的。	She has a demure manner.	/ʃi hæz ə dɪˌMJʊR ˈMÆN.ɚ/	adjective	人・感情・評価	normal	1	2026-10-02
expr_0711	711	行儀がよい	well-mannered	/ˌWEL ˈMÆN.ɚd/	礼儀正しく行儀がよい。	gentle は性格、well-mannered は行動。	She’s very well-mannered.	/ʃiz ˌVER.i ˌWEL ˈMÆN.ɚd/	adjective	子育て・家族	normal	1	2026-10-02
expr_0712	712	状況・緊張が落ち着く	calm down	/ˌKɑːM ˈDAʊN/	緊張・興奮・混乱が静まる。	settle down はごたごたや忙しさが収まる感じ。	Things are calming down.	/ˌθɪŋz ɑr ˌKɑː.mɪŋ ˈDAʊN/	phrasal verb	日常生活・一般	normal	1	2026-10-02
expr_0713	713	〜を舞台にしている	be set in ...	/bi ˈSET ɪn .../	映画・小説の物語の舞台を表す。	be filmed in は撮影場所で、舞台とは限らない。	The movie is set in Kyoto.	/ðə ˌMUː.vi ɪz ˌSET ɪn ˈKJOʊ.toʊ/	grammar	日常生活・一般	normal	1	2026-10-02
expr_0714	714	〜で起こる・展開する	take place in ...	/ˌTEɪK ˈPLEɪS ɪn .../	出来事や物語がその場所で起こる。	set in より一般的。	The story takes place in a small town.	/ðə ˌSTɔːR.i teɪks ˈPLEɪS ɪn ə smɔːl ˈTAʊN/	idiom	日常生活・一般	normal	1	2026-10-02
expr_0715	715	〜で撮影された	be filmed in ...	/bi ˈFɪLMD ɪn .../	実際の撮影場所を表す。	物語の舞台とは別。	The movie was filmed here.	/ðə ˌMUː.vi wəz ˈFɪLMD hɪr/	verb	日常生活・一般	normal	1	2026-10-02
expr_0716	716	空気感・なんかいい感じ	vibe	/ˈVAɪB/	その場や人から主観的に感じる雰囲気。	atmosphere より口語的・感覚的。	This café has a really nice vibe.	/ðɪs kæˈFEɪ hæz ə ˌRɪL.i ˈNAɪS vaɪb/	noun	日常生活・一般	normal	1	2026-10-02
expr_0717	717	その場全体の雰囲気	atmosphere	/ˈÆT.məˌsfɪr/	場所全体が作り出す雰囲気。	vibe より説明的で文章にも向く。	This café has a relaxed atmosphere.	/ðɪs kæˈFEɪ hæz ə rɪˌLÆKST ˈÆT.məˌsfɪr/	noun	日常生活・一般	normal	1	2026-10-02
expr_0718	718	〜な雰囲気を醸し出す	give off a ... vibe	/ɡɪv ˌɔːF ə ... ˈVAɪB/	人・場所が特定の印象を与える。	主観的な印象を表現する。	He gives off a friendly vibe.	/hi ˌɡɪVZ ˈɔːF ə ˌFREND.li ˈVAɪB/	phrasal verb	人・感情・評価	normal	1	2026-10-02
expr_0719	719	〜から何か変な感じを受ける	get a ... vibe from ...	/ɡet ə ... ˈVAɪB frəm .../	人・場所から直感的な印象を受ける。	根拠を言語化しづらい感覚にも使う。	I got a weird vibe from him.	/aɪ ˌɡɑːT ə ˌWɪRD ˈVAɪB frəm hɪm/	conversation	人・感情・評価	normal	1	2026-10-02
expr_0720	720	日本食が恋しい	I miss Japanese food.	/aɪ ˌMɪS dʒæp.əˈNIːZ ˈFUːD/	離れていて懐かしく恋しい時。	crave は今まさに食べたい欲求。	I really miss Japanese food.	/aɪ ˌRɪL.i ˌMɪS dʒæp.əˈNIːZ ˈFUːD/	conversation	料理・食事	normal	1	2026-10-02
expr_0721	721	日本食が無性に食べたい	I’m craving Japanese food.	/aɪm ˌKREɪ.vɪŋ dʒæp.əˈNIːZ ˈFUːD/	今まさに強く食べたい。	miss は懐かしさ、crave は欲求。	I’m really craving Japanese food.	/aɪm ˌRɪL.i ˌKREɪ.vɪŋ dʒæp.əˈNIːZ ˈFUːD/	conversation	料理・食事	normal	1	2026-10-02
expr_0722	722	〜に由来する・〜から来ている	come from	/ˈKʌM frəm/	起源を日常的に言う。	derive from より口語的。	This word comes from Latin.	/ðɪs ˌWɝːD ˈKʌMZ frəm ˈLÆT.ɪn/	verb	学習・教育・研究	normal	1	2026-10-02
expr_0723	723	〜に由来する	derive from	/dɪˈRAɪV frəm/	語・概念・利益などが源から生じる。	come from より学術的。	This word derives from Latin.	/ðɪs ˌWɝːD dɪˈRAɪVZ frəm ˈLÆT.ɪn/	academic	学習・教育・研究	normal	1	2026-10-02
expr_0724	724	〜に起源を持つ・発祥する	originate from / in	/əˈRɪDʒ.əˌneɪT frəm/ /əˈRɪDʒ.əˌneɪT ɪn/	起源そのものを強調する。	場所なら originate in が自然なことが多い。	The tradition originated in Japan.	/ðə trəˈDɪʃ.ən əˌRɪDʒ.əˌneɪ.t̬ɪd ɪn dʒəˈPÆN/	academic	学習・教育・研究	normal	1	2026-10-02
expr_0725	725	〜に起因する	stem from	/ˈSTEM frəm/	問題・現象の原因や背景をたどる。	由来より「原因は〜」に近い。	This problem stems from poor communication.	/ðɪs ˌPRɑː.bləm ˈSTEMZ frəm ˌPʊR kəˌmjuː.nəˈKEɪ.ʃən/	phrasal verb	仕事・組織	normal	1	2026-10-02
expr_0726	726	控えめで洗練された	understated	/ˌʌn.dɚˈSTEɪ.t̬ɪd/	派手ではないが上品でセンスがよい。	日本語の「渋い」に近いことがある。	The design is elegant and understated.	/ðə dɪˈZAɪN ɪz ˌEL.ə.ɡənt ən ˌʌn.dɚˈSTEɪ.t̬ɪd/	adjective	日常生活・一般	normal	1	2026-10-02
expr_0727	727	洗練された・大人っぽい	sophisticated	/səˈFɪS.təˌkeɪ.t̬ɪd/	高度に洗練され、成熟した印象。	chic より広く知性・技術にも使える。	The restaurant has a sophisticated interior.	/ðə ˈRES.təˌrɑːnt hæz ə səˈFɪS.təˌkeɪ.t̬ɪd ɪnˈTɪR.i.ɚ/	adjective	日常生活・一般	normal	1	2026-10-02
expr_0728	728	センスがよく上品な	tasteful	/ˈTEɪST.fəl/	装飾・服・デザインが上品で趣味がよい。	派手さより品のよさ。	The décor is simple and tasteful.	/ðə deɪˈKɔːR ɪz ˌSɪM.pəl ən ˈTEɪST.fəl/	adjective	日常生活・一般	normal	1	2026-10-02
expr_0729	729	既知の対象を受ける it	it	/ˈɪT/	すでに会話で共有されている物・話題をそのまま受ける。	相手の今の発言全体を指すなら that が自然なことが多い。	I bought a new laptop. I really like it.	/aɪ ˌBɔːT ə nuː ˈLÆPˌTɑːP | aɪ ˌRɪL.i ˈLAɪK‿ɪt/	grammar	学習・教育・研究	normal	1	2026-10-02
expr_0730	730	今出た話・出来事を指す that	that	/ˈÐÆT/	相手の今の発言・出来事・アイデアを心理的に指さす。	it はすでに共有済みの対象を受ける。	I got the job. — That’s great!	/aɪ ˌɡɑːT ðə ˈDʒɑːB | ˌÐÆTS ˈɡREɪT/	grammar	学習・教育・研究	normal	1	2026-10-02
expr_0731	731	地方・農村部	rural area	/ˈRʊR.əl ˌER.i.ə/	都市部ではない地方・農村地域。	remote area は地理的な遠隔性が強い。	Many rural areas have limited access to healthcare.	/ˌMEN.i ˈRʊR.əl ˌER.i.əz hæv ˌLɪM.ə.t̬ɪd ˈÆK.ses tə ˈHELθˌKER/	noun	医療・診療	normal	1	2026-10-02
